"개방자치단체코드","관리번호","인허가일자","인허가취소일자","영업상태코드","영업상태명","상세영업상태코드","상세영업상태명","폐업일자","휴업시작일자","휴업종료일자","재개업일자","전화번호","소재지면적","소재지우편번호","지번주소","도로명주소","도로명우편번호","사업장명","최종수정일자","데이터갱신구분","데이터갱신일자","업태구분명","좌표정보(X)","좌표정보(Y)","임산부정원수","영유아정원수","임산부실면적","영유아실면적","모유수유실면적","급식시설면적","세탁실면적","목욕실면적","조리원화장실면적","사무실면적","간호사수","간호조무사수","영양사수","취사부수","미화원수","기타인원수","건물층수","지상층수","지하층수"
"3230000","PHMB120143230034042100001","2014-02-27","","01","영업/정상","13","영업중","","","","","024313535","","","","서울특별시 송파구 충민로2길 20 (장지동, 송파산모건강증진센터)","05816","송파산모건강증진센터산후조리원","2023-04-18 11:16:05","U","2022-12-03 22:00:00.0","","","","","","","","","","","","","","","","","","","","","",""
"3240000","PHMB120063240033042100003","2006-12-08","","03","폐업","03","폐업","2023-04-03","","","","02) 475-3350","","134-866","서울특별시 강동구 천호1동 233번지 34호 인성빌딩 6층","서울특별시 강동구 구천면로 328 (천호동)","05309","임수현 산후조리원","2023-05-02 17:17:37","U","2022-12-05 00:04:00.0","","211955.138746228","449582.786228833","","","","","","","","","","","","","","","","","","",""
"3200000","PHMB120143200033042100001","2014-05-01","","01","영업/정상","13","영업중","","2023-04-13","2023-05-15","","02-889-0700","","","서울특별시 관악구 봉천동 463-4 메카플러스","서울특별시 관악구 양녕로 46, 메카플러스 (봉천동)","08747","로얄산후조리원(봉천점)","2023-06-27 11:58:39","U","2022-12-05 22:09:00.0","","195274.343265834","442663.498606503","","","","","","","","","","","","","","","","","","",""
"3050000","PHMB120163050034042100002","2016-11-10","","01","영업/정상","13","영업중","","","","","02-2212-2582","","","서울특별시 동대문구 답십리동 492번지 2호 9층","서울특별시 동대문구 천호대로 317, 9층 (답십리동, 하늘병원)","02622","블리스산후조리원","2023-05-08 17:21:11","U","2022-12-04 23:00:00.0","","204831.461305899","451444.505952989","","","","","","","","","","","","","","","","","","",""
"3150000","PHMB120113150037042100002","2011-03-17","","01","영업/정상","13","영업중","","2023-06-05","2023-06-30","","02-2659-0031","","157-200","서울특별시 강서구 가양동 1480번지 8호","서울특별시 강서구 양천로 461, 5층 (가양동)","07526","퀸즈마리 산후조리원(가양점)","2023-06-29 11:19:23","U","2022-12-07 00:01:00.0","","186875.994185225","451205.835118675","","","","","","","","","","","","","","","","","","",""
"3090000","PHMB120083090033042100001","2008-08-26","","01","영업/정상","13","영업중","","2023-05-03","2023-05-31","","","","","서울특별시 도봉구 창동 731-1 에이치큐브병원","서울특별시 도봉구 도봉로 604, 에이치큐브병원 7-8층 (창동)","01401","에이치큐브 산후조리원","2023-05-25 09:24:16","U","2022-12-04 22:07:00.0","","203556.661562956","461771.054429344","","","","","","","","","","","","","","","","","","",""
"3110000","PHMB120073110032042100002","2007-02-01","","01","영업/정상","13","영업중","","","","","02-6010-0702","","122-923","서울특별시 은평구 응암동 578번지 16호 4,5층","서울특별시 은평구 응암로 235 (응암동)","03457","라솜 산후조리원 은평점","2023-05-24 15:41:19","U","2022-12-04 22:07:00.0","","192652.478015271","454524.979325756","","","","","","","","","","","","","","","","","","",""
"3140000","PHMB120153140033042100001","20150807","","01","영업/정상","13","영업중","","","","","02-6491-1001","","","서울특별시 양천구 목동 406번지 21호","서울특별시 양천구 오목로 325 (목동)","08000","㈜레피리움시그니쳐","2022-04-12 15:56:45","U","2021-12-03 23:04:00.0","","188767.584299319","446998.232038717","","","","","","","","","","","","","","","","","","",""
"3220000","PHMB120143220033042100004","2014-09-05","","01","영업/정상","13","영업중","","","","","","","","서울특별시 강남구 삼성동 21 한섬빌딩","서울특별시 강남구 삼성로 635, 한섬빌딩 (삼성동)","06091","(주)헤리티지산후조리원","2024-01-26 11:17:22","U","2023-11-30 22:08:00.0","","204436.970849641","446036.981492805","","","","","","","","","","","","","","","","","","",""
"3220000","PHMB120233220033042100001","2023-11-02","","01","영업/정상","13","영업중","","","","","","","06100","","서울특별시 강남구 선릉로 629 (논현동)","06100","ANIDAR 산후조리원","2025-01-16 15:04:48","U","2024-11-30 23:08:00.0","","203691.216575414","445630.943074822","","","","","","","","","","","","","","","","","","",""
"3070000","PHMB120223070034042100001","20220401","","01","영업/정상","13","영업중","","","","","02-2088-7387","","","서울특별시 성북구 석관동 349-1 장위뉴타워 8층","서울특별시 성북구 화랑로 248, 장위뉴타워 8층 (석관동)","02787","마리아산후조리원","2022-12-13 21:07:34","U","2021-11-01 23:05:00.0","","204958.405518224","456443.387226032","","","","","","","","","","","","","","","","","","",""
"3170000","PHMB120063170035042100001","2006-12-20","","02","휴업","02","휴업","","2023-08-19","2023-08-31","","851-1566","","153-806","서울특별시 금천구 독산동 152번지 6호","서울특별시 금천구 시흥대로 429, 3층 (독산동, 삼희빌딩)","08535","VIP산후조리원","2023-09-05 15:03:35","D","2022-12-09 00:07:00.0","","190878.547242333","441091.373561528","","","","","","","","","","","","","","","","","","",""
"3010000","PHMB120143010033042100001","2014-12-31","","01","영업/정상","13","영업중","","","","","0222316375","","","","서울특별시 중구 다산로36길 11, 동산빌딩 6,7층 (신당동)","04585","더드림산후조리원","2023-07-31 13:48:10","U","2022-12-08 00:02:00.0","","201362.695573425","451177.222462071","","","","","","","","","","","","","","","","","","",""
"3190000","PHMB120133190033042100001","2013-07-09","","01","영업/정상","13","영업중","","","","","02-6496-5650","","","서울특별시 동작구 노량진동 311번지 8호","서울특별시 동작구 장승배기로 108 (노량진동, 청화병원)","06925","청화병원부설산후조리원","2024-04-03 08:39:15","U","2023-12-04 00:05:00.0","","194640.513728351","444993.67767627","","","","","","","","","","","","","","","","","","",""
"3220000","PHMB120243220033042100001","2024-10-29","","01","영업/정상","13","영업중","","","","","02-517-2419","","","서울특별시 강남구 삼성동 24-19","서울특별시 강남구 삼성로115길 20-10, 노블5 산후조리원 1~4층 (삼성동)","06094","노블5 산후조리원","2024-10-29 17:59:28","I","2023-10-30 21:01:00.0","","204373.731514907","445875.055349444","","","","","","","","","","","","","","","","","","",""
"3120000","PHMB120233120033042100001","2023-12-01","","05","제외/삭제/전출","98","기타","","2024-07-22","2024-08-04","","02-3621-1050","","","서울특별시 서대문구 북가좌동 337-2 서대문 공공산후조리원","서울특별시 서대문구 증가로30길 45, 서대문 공공산후조리원 (북가좌동)","03676","서대문구 공공산후조리원 품애가득","2024-08-02 10:51:54","U","2023-12-08 00:04:00.0","","192337.460283864","453631.610050758","","","","","","","","","","","","","","","","","","",""
"3220000","PHMB120073220033042100001","2007-04-16","","01","영업/정상","13","영업중","","2017-05-29","2017-06-30","","02-546-3493","","","서울특별시 강남구 신사동 616번지 3호 1~5층","서울특별시 강남구 압구정로38길 6, 1~5층 (신사동)","06023","호산산후조리원","2024-01-08 16:15:27","U","2023-11-30 23:00:00.0","","202786.815886266","447346.125591591","","","","","","","","","","","","","","","","","","",""
"3150000","PHMB120083150037042100001","2008-12-16","","01","영업/정상","13","영업중","","2023-11-20","2024-02-27","","02-1644-3358","","","서울특별시 강서구 화곡동 1060번지 30호 R.U휘트니스","서울특별시 강서구 화곡로 191 (화곡동)","07700","궁산후조리원 화곡지점","2024-02-27 14:02:00","U","2023-12-01 22:09:00.0","","185983.844739412","448981.902246047","","","","","","","","","","","","","","","","","","",""
"3140000","PHMB120063140033042100003","2006-12-08","","01","영업/정상","13","영업중","","","","","","","158-861","서울특별시 양천구 신정1동 1026번지 1호","서울특별시 양천구 신월로 338, 원빌딩 4층 (신정동)","08086","목동 굿맘 산후조리원","2024-09-02 15:31:06","U","2023-12-09 00:04:00.0","","187415.922905255","446600.184140953","","","","","","","","","","","","","","","","","","",""
"3170000","PHMB120063170035042100002","2006-12-20","","01","영업/정상","13","영업중","","","","","02-851-1566","","","서울특별시 금천구 독산동 152-6 삼희빌딩","서울특별시 금천구 시흥대로 429, 삼희빌딩 3층 (독산동)","08535","VIP산후조리원","2024-01-19 13:53:28","U","2023-11-30 22:01:00.0","","190878.547242333","441091.373561528","","","","","","","","","","","","","","","","","","",""
"3150000","PHMB120243150037042100002","2024-06-25","","01","영업/정상","13","영업중","","","","","02-1833-4720","","","서울특별시 강서구 내발산동 680-12","서울특별시 강서구 강서로47길 20 (내발산동)","07633","디어원 산후조리원","2024-06-28 09:59:03","U","2023-12-05 21:00:00.0","","185359.404290308","450080.084404025","","","","","","","","","","","","","","","","","","",""
"3150000","PHMB120243150037042100003","2024-09-20","","01","영업/정상","13","영업중","","","","","02-2659-2026","","","서울특별시 강서구 등촌동 632-1","서울특별시 강서구 양천로 588, 2~4층 (등촌동)","07552","미래아이굿맘스 산후조리원","2024-09-23 16:37:34","U","2023-12-08 22:05:00.0","","187890.873539389","450435.337418419","","","","","","","","","","","","","","","","","","",""
"3030000","PHMB120123030033042100001","20121026","","03","폐업","03","폐업","20210531","20210101","20210531","","02-467-5588","","","","서울특별시 성동구 왕십리로 88, 노벨빌딩 3층 (성수동1가)","04778","(주)와이케이 동그라미 산후조리원 성수점","2021-06-03 16:59:45","U","2021-06-05 02:40:00.0","","203946.402057096    ","449240.375683662    ","18","18","16.17","44.4","16.2","40","9.8","","59.4","8.6","3","6","","2","1","","0","",""
"3040000","PHMB120073040033042100001","2007-06-20","","01","영업/정상","13","영업중","","","","","02-457-6020","","143-959","서울특별시 광진구 구의동 223번지 65호","서울특별시 광진구 구의로 28 (구의동)","","예그리나 산후조리원","2025-01-17 15:06:27","U","2024-11-30 23:09:00.0","","207866.804668978","448680.644700444","","","","","","","","","","","","","","","","","","",""
"3060000","PHMB120063060034042100001","2006-12-27","","01","영업/정상","13","영업중","","","","","02-496-3425","","131-809","서울특별시 중랑구 망우본동 488번지 8호 외1필지 에이동","서울특별시 중랑구 망우로 411, 에이동 (망우동)","02073","아이맘-s산후조리원","2025-01-02 17:32:50","U","2024-12-01 00:04:00.0","","208547.560589346","455271.790327778","","","","","","","","","","","","","","","","","","",""
"3220000","PHMB120183220033042100001","2018-06-01","","01","영업/정상","13","영업중","","","","","02)517-2433","","","서울특별시 강남구 청담동 55번지 19호 헤리티지산후조리원2호점","서울특별시 강남구 영동대로141길 20, 헤리티지산후조리원2호점 (청담동)","06071","헤리티지 산후조리원 2호점","2024-01-26 11:16:51","U","2023-11-30 22:08:00.0","","204624.996016828","446759.42717493","","","","","","","","","","","","","","","","","","",""
"3150000","PHMB120243150037042100001","2024-02-19","","01","영업/정상","13","영업중","","","","","02-2039-3530","","","서울특별시 강서구 마곡동 791-5 마곡파인스퀘어Ⅲ, 4,5층","서울특별시 강서구 마곡중앙8로5길 11, 마곡파인스퀘어Ⅲ 4,5층층 (마곡동)","07794","라엘르마곡 산후조리원 주식회사","2024-02-19 17:56:42","I","2023-12-01 22:01:00.0","","185538.386473543","451080.469903239","","","","","","","","","","","","","","","","","","",""
"3100000","PHMB120133100034042100001","2013-02-06","","01","영업/정상","13","영업중","","","","","02-951-2300","","139-816","서울특별시 노원구 상계2동 363번지 10호","서울특별시 노원구 상계로7길 17 (상계동)","01692","노원라테라산후조리원","2024-08-12 14:40:59","U","2023-12-07 23:04:00.0","","205654.276925853","461683.780241427","","","","","","","","","","","","","","","","","","",""
"3220000","PHMB120073220033042100004","2007-03-06","","02","휴업","02","휴업","","2024-01-01","2024-12-31","","","","","서울특별시 강남구 역삼동 650번지 9호 강남차병원 3층","서울특별시 강남구 논현로 566, 강남차병원 3층 (역삼동)","06135","차병원 산후조리원","2024-12-26 18:33:55","U","2023-11-01 22:08:00.0","","202979.308817323","444965.788565979","","","","","","","","","","","","","","","","","","",""
"3000000","PHMB120153000034042100001","20151125","","01","영업/정상","13","영업중","","","","","02-763-5400","","","서울특별시 종로구 원남동 28번지 7호 창경빌딩","서울특별시 종로구 율곡로 174, 창경빌딩 2,3,4층 (원남동)","03127","라솜산후조리원 창경궁지점","2021-03-01 11:15:55","U","2021-03-03 02:40:00.0","","199750.932694302    ","452592.759611754    ","16","16","344.6","43.7","5.2","27.3","9.9","32","32","22.8","3","12","0","3","2","0","18","3","5"
"3000000","PHMB120163000034042100001","20160513","","01","영업/정상","13","영업중","","","","","02-738-3335","","110080","서울특별시 종로구 무악동 66번지 3호","서울특별시 종로구  통일로16길  4-1 (무악동)","110080","올리비움산후조리원","2021-03-01 11:15:11","U","2021-03-03 02:40:00.0","","196182.723078058    ","452605.712949857    ","60","60","2622.62","279.69","149.75","187.11","26.4","","","26.45","6","45","1","10","","21","11","5","1"
"3010000","PHMB120093010033042100001","20090626","","03","폐업","03","폐업","20140314","","","","02-562-5926","","100826","서울특별시 중구 신당4동 79번지","","","노블렛스산후조리원","2014-12-31 14:03:39","I","2018-08-31 23:59:59.0","","","","19","19","284.7","38.39","9","16","7.17","0","65.8","13.13","3","2","0","1","1","0","2","2","0"
"3010000","PHMB120103010033042100001","20100915","","03","폐업","03","폐업","20121213","","","","2238-7700","","100824","서울특별시 중구 신당6동 291-48 (5층)","","","동산산후조리원","2014-06-12 10:53:39","I","2018-08-31 23:59:59.0","","","","10","10","136.43","23.46","3.63","0","2.56","0","0","4.07","1","1","0","0","0","0","0","0","0"
"3140000","PHMB120063140033042100001","20061211","","03","폐업","03","폐업","20100429","","","","","","158807","서울특별시 양천구 목2동 507번지 11호","","","엠엔비산후조리원(양천점)","2016-05-30 13:31:17","I","2018-08-31 23:59:59.0","","188498.60418349     ","449463.118569169    ","10","10","","","","","","","","","3","3","","","","","","",""
"3100000","PHMB120123100034042100002","2012-04-06","","01","영업/정상","13","영업중","","","","","","","139-816","서울특별시 노원구 상계2동 354번지 6호  호영빌딩 2-5층","서울특별시 노원구 상계로5길 9 (상계동,호영빌딩 2-5층)","","(주)모아드림산후조리원","2024-11-03 15:09:10","U","2023-11-01 00:05:00.0","","205564.804283331","461624.554924461","","","","","","","","","","","","","","","","","","",""
"3150000","PHMB120073150037042100003","20070601","","03","폐업","03","폐업","20170204","","","","02-2601-1690","","157881","서울특별시 강서구 화곡1동 348번지 21호 3층","","","여울소산후조리원","2017-02-09 14:10:10","I","2018-08-31 23:59:59.0","","186186.105306713    ","447833.312521762    ","17","17","176.66","42.9","0","31.53","16.28","4.4","27.84","7.17","5","3","0","2","1","0","7","3",""
"3010000","PHMB120073010033042100001","20070103","","03","폐업","03","폐업","20171231","","","","02-2020-5500","","","","서울특별시 중구 퇴계로 244 (묵정동)","100380","제일병원 산후조리원","2017-12-29 18:07:50","I","2018-08-31 23:59:59.0","","199842.992753729    ","451090.793367583    ","23","23","525.5","83.4","0","35.1","39.3","5.2","122.3","16.2","26","4","2","4","3","3","6","456","0"
"3100000","PHMB120063100034042100002","20060405","","03","폐업","03","폐업","20090610","","","","02-948-0012","","139807","서울특별시 노원구 공릉1.3동 576번지 25호","서울특별시 노원구 동일로 1029 (공릉동)","","유영희산후조리원","2012-01-02 13:37:06","I","2018-08-31 23:59:59.0","","206449.174568637    ","457737.954897119    ","12","12","7.13","20.1","","","","","","","4","3","0","","","4","3","7","3"
"3010000","PHMB120163010033042100001","2016-12-16","","01","영업/정상","13","영업중","","","","","0260121010","","","서울특별시 중구 중림동 150-1 이화빌딩(중림동)","서울특별시 중구 중림로 31, 이화빌딩(중림동) 1층 (중림동)","04506","와튼젤리 산후조리원(용산마포점)","2024-05-16 16:06:46","U","2023-12-04 23:08:00.0","","197028.380586459","450675.687036134","","","","","","","","","","","","","","","","","","",""
"3160000","PHMB120143160034042100001","2014-04-22","","01","영업/정상","13","영업중","","","","","02-2611-7322","","","","서울특별시 구로구 경인로 240, 2층 (오류동)","08270","맘스퀘어 산후조리원","2023-02-09 14:11:55","U","2022-12-01 23:01:00.0","","","","","","","","","","","","","","","","","","","","","",""
"3160000","PHMB120143160034042100003","20141028","","03","폐업","03","폐업","20221206","","","","02-854-6677","","","","서울특별시 구로구 공원로 83 (구로동)","08290","아름제일산후조리원 2관","2022-12-07 09:23:23","U","2021-11-02 00:09:00.0","","","","","","","","","","","","","","","","","","","","","",""
"3020000","PHMB120203020033042100001","20201007","","01","영업/정상","13","영업중","","","","","02-6952-3787","","","서울특별시 용산구 한강로3가 40-969 서울드래곤시티","서울특별시 용산구 청파로20길 95, 서울드래곤시티 C동 39층 (한강로3가)","04372","트리니티 산후조리원","2020-10-14 15:44:27","U","2020-10-16 02:40:00.0","","196610.663839509    ","447742.348636253    ","18","18","647.75","83.02","","","8.25","","","5.44","3","3","0","0","1","0","44","39","0"
"3030000","PHMB120103030033042100001","20100702","","03","폐업","03","폐업","20160930","","","","2212-2582","","133847","서울특별시 성동구 용답동 2번지 3호 장안빌딩 2층","서울특별시 성동구 천호대로 320 (용답동,장안빌딩 2층)","","맘스터치산후조리원","2016-10-04 12:05:20","I","2018-08-31 23:59:59.0","","204811.005190157    ","451358.607132575    ","17","17","6.3","35.41","8.39","42.78","8.14","6.21","2.85","7.24","3","7","","2","1","","1","1",""
"3030000","PHMB120133030033042100001","20131204","","03","폐업","03","폐업","20190525","","","","2295-2220","","133071","서울특별시 성동구 행당1동 320번지 10호","서울특별시 성동구 고산자로8길 5 (행당동)","","호아맘산후조리원","2019-06-03 17:27:02","U","2019-06-05 02:40:00.0","","202985.078192228    ","450591.759883351    ","20","20","22.2","41.54","6.82","50.4","18.3","","12.64","11.55","2","8","","1","","","6","5","1"
"3040000","PHMB120063040033042100001","20061219","20140402","03","폐업","03","폐업","20140502","","","","02-462-0082","","143916","서울특별시 광진구 화양동 21번지 14호","서울특별시 광진구 동일로30길 5 (화양동)","","엄마손산후조리원","2014-04-02 14:13:12","I","2018-08-31 23:59:59.0","","205903.645088343    ","449506.049065503    ","21","21","155.4","36.3","56","23","5.2","3","12.5","12","3","9","1","3","1","2","5","4","1"
"3030000","PHMB120163030033042100001","2016-08-04","","01","영업/정상","13","영업중","","","","","","","","","서울특별시 성동구 고산자로6길 40, 행당동 레몬프라자 6층 601호 (행당동)","04745","이든포레","2023-08-01 14:39:55","U","2022-12-08 00:03:00.0","","203071.959180897","450665.532604254","","","","","","","","","","","","","","","","","","",""
"3040000","PHMB120053040033042100001","20050215","20140729","03","폐업","03","폐업","20140829","","","","02-498-7733","","143916","서울특별시 광진구 화양동 21번지 14호","서울특별시 광진구 동일로30길 5 (화양동)","","다혜 산후조리원","2014-07-29 14:06:24","I","2018-08-31 23:59:59.0","","205903.645088343    ","449506.049065503    ","21","20","7.1","35.25","6.77","42","","7.22","","","3","7","1","2","2","3","5","4","1"
"3040000","PHMB120043040033042100001","20041213","20090306","03","폐업","03","폐업","20090304","","","","02-459-3579","","143837","서울특별시 광진구 군자동 247번지 5층","서울특별시 광진구 능동로 247 (군자동,5층)","","미즈모아산후조리원","2009-03-06 14:49:36","I","2018-08-31 23:59:59.0","","206702.381251518    ","450026.614978007    ","18","18","8.4","40","8.4","31","9.7","","","","2","8","0","2","2","3","6","6","1"
"3040000","PHMB120113040033042100001","20111005","20160330","03","폐업","03","폐업","20160329","","","","02-450-0082","","143916","서울특별시 광진구 화양동 18번지 9호 4층","서울특별시 광진구 광나루로 358 (화양동,4층)","","본마드레산후조리원","2016-03-30 10:41:33","I","2018-08-31 23:59:59.0","","206084.452042933    ","449509.442890304    ","12","12","235","22.5","4.5","28","3.5","","1.3","6","3","3","","2","1","1","4","4",""
"3040000","PHMB120123040033042100001","20120127","20180213","03","폐업","03","폐업","20180213","","","","02-458-0602","","143874","서울특별시 광진구 자양2동 680번지 4호","서울특별시 광진구 자양로 88 (자양동)","05051","광진사임당산후조리원","2018-02-13 17:40:05","I","2018-08-31 23:59:59.0","","207380.881842195    ","448153.591228926    ","11","11","141.48","23.91","","","","","40","4","3","3","1","1","1","","9","6","3"
"3040000","PHMB120013040033042100001","20010511","","01","영업/정상","13","영업중","","","","","02-447-0065","","143862","서울특별시 광진구 자양동 553번지 15호 3층","서울특별시 광진구 뚝섬로 503, 3층 (자양동)","05076","광진아기맘미소산후조리원","2020-09-18 17:55:35","U","2020-09-25 02:40:00.0","","205788.332713562    ","448212.127193771    ","10","10","399.1","34.56","","","12.67","","","","5","7","","2","1","","4","3","1"
"3050000","PHMB120163050034042100001","20160321","","03","폐업","03","폐업","20220101","20210601","20211231","","02-6085-1110","","","서울특별시 동대문구 장안동 94번지 27호 예신프라지 2층","서울특별시 동대문구 한천로46길 42, 2층 (장안동, 예신프라자)","02516","레피리움산후조리원장안점","2022-03-02 17:52:29","U","2022-03-04 02:40:00.0","","206176.178625746    ","453248.09724644     ","20","20","791.71","50.56","11.47","37.71","25.2","6.78","60.66","17.67","3","6","0","1","1","0","2","2","0"
"3050000","PHMB120143050034042100001","20141001","","01","영업/정상","13","영업중","","","","","1599-3270","","130883","서울특별시 동대문구 답십리동 94번지 9호","서울특별시 동대문구 전농로 102, 4층 (답십리동)","02538","마드레산후조리원","2019-03-05 17:35:34","U","2019-03-07 02:40:00.0","","205049.095910832    ","452418.270436454    ","18","18","341.48","40.9","","16.43","5","36","36","7.43","4","4","","2","2","1","4","4",""
"3160000","PHMB120143160034042100002","2014-06-11","","02","휴업","02","휴업","","2023-06-01","","","02-2636-3210","","","","서울특별시 구로구 중앙로 100 (고척동, 6,7층)","08218","연세사랑모아여성병원부설산후조리원","2024-03-20 16:38:36","U","2023-12-02 22:02:00.0","","187606.693801873","444911.925277155","","","","","","","","","","","","","","","","","","",""
"3050000","PHMB120063050034042100001","20061229","","01","영업/정상","13","영업중","","","","","2210-3399/3439","","130874","서울특별시 동대문구 휘경2동 29번지 1호 지하1층, 1층, 2층","서울특별시 동대문구 망우로 82, B1,1,2층 (휘경동)","02500","삼육서울병원부설산후조리원","2021-03-18 09:28:12","U","2021-03-20 02:40:00.0","","205622.517700168    ","454115.432829144    ","24","24","28","58.4","","","","","","","9","5","1","","","2","3","2","1"
"3050000","PHMB120063050034042100002","20061010","","01","영업/정상","13","영업중","","20171231","20180114","","2246-2001","","130100","서울특별시 동대문구 장안동 371번지 1호 삼성쉐르빌2층","서울특별시 동대문구 장한로 119 (장안동,삼성쉐르빌2층)","","린아미에산후조리원","2018-01-16 09:55:41","I","2018-08-31 23:59:59.0","","206101.9138443      ","452155.691148899    ","17","17","18","30.7","","","","","","","5","3","","","","4","0","",""
"3050000","PHMB120073050034042100001","20071203","","01","영업/정상","13","영업중","","","","","2243-5353","","","서울특별시 동대문구 장안동 370번지 2호","서울특별시 동대문구 답십리로 268, 해림빌딩 3,4층 (장안동)","02624","린산후조리원","2018-05-31 15:31:45","I","2018-08-31 23:59:59.0","","206127.547866452    ","452215.684030365    ","19","20","20","53.92","","","","","","","3","11","1","","","2","2","2",""
"3050000","PHMB120133050034042100001","20130129","","01","영업/정상","13","영업중","","","","","2213-5889","","130838","서울특별시 동대문구 장안2동 295번지 5호 7, 8층","서울특별시 동대문구 답십리로 269, 7,8층 (장안동)","02530","베베리타산후조리원","2020-08-18 13:13:50","U","2020-08-20 02:40:00.0","","206150.689570423    ","452269.676816624    ","15","15","","29.5","7.2","25.4","9.1","4.8","","24.5","4","6","","1","","2","2","2",""
"3060000","PHMB120073060034042100001","20070423","","03","폐업","03","폐업","20210701","","","","973-0500","","131846","서울특별시 중랑구 묵1동 2번지 현동학당 206호, 207호","서울특별시 중랑구 신내로25가길 2, 206호 (묵동)","02021","이제산후조리원","2021-07-01 13:37:55","U","2021-07-03 02:40:00.0","","207357.595177869    ","457462.766652935    ","14","14","158","29.84","","24.15","9.73","","","21.48","3","7","","2","1","1","","",""
"3060000","PHMB120073060034042100002","20070102","","03","폐업","03","폐업","20090609","","","","02-439-5400","","131881","서울특별시 중랑구 중화2동 303번지 14호 2필지 그린빌딩 5층","","","사임당산후조리원","2009-06-10 09:44:42","I","2018-08-31 23:59:59.0","","206936.570187916    ","455280.600452321    ","0","0","","","","","","","","","3","6","","","","","7","5",""
"3060000","PHMB120073060034042100003","20070911","","03","폐업","03","폐업","20180831","","","","02-495-7600","","131856","서울특별시 중랑구 상봉1동 74번지 46호 4층","서울특별시 중랑구 망우로 377, 4층 (상봉동)","02086","로얄사임당산후조리원","2018-08-31 17:46:37","I","2018-08-31 23:59:59.0","","208240.86652649     ","455162.056999516    ","0","0","214.11","30.32","","","","","","","3","8","1","2","2","","15","4",""
"3060000","PHMB120093060034042100001","20090615","","03","폐업","03","폐업","20151211","","","","02-439-5400","","131881","서울특별시 중랑구 중화2동 303번지 14호 그린빌딩 5층","서울특별시 중랑구 동일로 775, 5층 (중화동, 그린빌딩)","02102","첫단추 산후조리원","2015-12-17 11:00:21","I","2018-08-31 23:59:59.0","","206936.570187916    ","455280.600452321    ","15","15","","","","","","","","","3","6","1","1","1","","0","",""
"3060000","PHMB120113060034042100001","20110720","","03","폐업","03","폐업","20190822","","","","972-0808","","131141","서울특별시 중랑구 묵1동 168번지 18호","서울특별시 중랑구 중랑역로 257 (묵동)","02018","와이케이동그라미 산후조리원(태릉점)","2019-08-22 16:14:41","U","2019-08-24 02:40:00.0","","206694.052784096    ","457058.833608079    ","15","15","246.6","24.75","13","13.2","10.5","","1.32","8.64","2","3","","1","1","1","5","5",""
"3040000","PHMB120143040033042100001","2014-02-24","","01","영업/정상","13","영업중","","","","","02-2083-0640","","143-824","서울특별시 광진구 구의동 234번지 25호","서울특별시 광진구 자양로 192 (구의동)","05031","(주)궁 산후조리원 구의점","2024-11-13 13:19:50","U","2023-10-31 23:05:00.0","","207472.04483471","449142.687542642","","","","","","","","","","","","","","","","","","",""
"3060000","PHMB120143060034042100001","2014-06-09","","01","영업/정상","13","영업중","","","","","02-972-7667","","131-848","서울특별시 중랑구 묵동","서울특별시 중랑구 중랑역로 257, 신흥빌딩 4~5층 (묵동)","02018","뉴이자르 산후조리원 태릉점","2025-01-02 17:28:20","U","2024-12-01 00:04:00.0","","206694.052784096","457058.833608079","","","","","","","","","","","","","","","","","","",""
"3070000","PHMB120093070034042100001","20090416","","03","폐업","03","폐업","20160726","","","","929-2100","","136711","서울특별시 성북구 보문동7가 118번지  서광빌딩 5층","서울특별시 성북구 보문로 35 (보문동7가,서광빌딩 5층)","02873","화인웰산후조리원","2016-07-26 17:53:12","I","2018-08-31 23:59:59.0","","201925.121532202    ","452935.221547454    ","18","18","317","41","6","22.5","8","2.8","8.5","7.6","5","4","0","2","2","3","13","10","3"
"3070000","PHMB119993070034042100001","19990930","","03","폐업","03","폐업","20090504","","","","924-3100","","136033","서울특별시 성북구 동소문동3가 27번지","서울특별시 성북구 동소문로 40 (동소문동3가)","","이제 산후조리원","2009-05-04 17:55:24","I","2018-08-31 23:59:59.0","","200869.843675978    ","454210.643551283    ","14","19","55.03","125.36","9.9","16.5","13.5","4.95","16.5","6.6","3","4","","2","2","1","11","9","2"
"3070000","PHMB120063070034042100001","20061219","","03","폐업","03","폐업","20200331","","","","","","136841","서울특별시 성북구 정릉동 14번지 25호","서울특별시 성북구 정릉로 306 (정릉동)","02816","열린 산후조리원","2020-03-31 16:08:39","U","2020-04-02 02:40:00.0","","201442.308463776    ","455602.277276759    ","17","17","263.76","34.85","6.7","","","","","3.12","3","8","","","1","","4","4",""
"3070000","PHMB120123070034042100001","20120119","","01","영업/정상","13","영업중","","20210430","20210515","","02-922-1400","","","서울특별시 성북구 동소문동3가 63 동도빌딩","서울특별시 성북구 동소문로 48, 동도빌딩 3층 (동소문동3가)","02860","라솜산후조리원 성북지점","2021-05-17 11:29:21","U","2021-05-19 02:40:00.0","","200905.183674983    ","454220.519443683    ","14","14","232.18","31.4","5.7","7.2","7.2","3.3","","9.5","3","3","0","2","1","1","0","",""
"3080000","PHMB120063080033042100001","20061214","","03","폐업","03","폐업","20190103","","","","999-8275","","142073","서울특별시 강북구 수유동 190번지 8호","서울특별시 강북구 한천로 1041, 2층 (수유동)","01071","아가엄마산후조리원","2019-01-03 17:40:04","U","2019-01-05 02:40:00.0","","202244.050887608    ","459749.268613853    ","8","8","162","","19.25","","3.64","","3.42","14.7","2","1","","","1","2","6","2",""
"3080000","PHMB120073080033042100003","20071120","","01","영업/정상","13","영업중","","","","","996-1511","","","서울특별시 강북구 미아동 322번지 5호","서울특별시 강북구 도봉로 131 (미아동)","01177","햇빛병원부설 햇빛산후조리원","2016-04-22 13:49:40","I","2018-08-31 23:59:59.0","","202407.498009939    ","457584.368112559    ","39","39","723.33","127.06","","48.12","28.12","","24.58","14.62","6","14","1","3","3","","8","6","2"
"3080000","PHMB120073080033042100002","20070521","","03","폐업","03","폐업","20220806","","","","02-988-0838","","01174","","서울특별시 강북구 삼양로 184, 유유빌딩 (미아동)","01174","라테라 산후조리원 미아","2022-08-11 13:29:21","U","2021-12-07 23:03:00.0","","201807.838930952","457546.401262101","","","","","","","","","","","","","","","","","","",""
"3090000","PHMB120113090033042100001","20120228","","03","폐업","03","폐업","20200625","20200101","20200630","","","","132010","서울특별시 도봉구 도봉동 79번지 8호","서울특별시 도봉구 도봉로180나길 34, 3층 (도봉동)","132010","(주)와이케이 동그라미 산후조리원 도봉지점","2020-06-25 15:28:17","U","2020-06-27 02:40:00.0","","204297.996892564    ","464597.202705501    ","14","14","160.35","30.22","4.5","25.22","4.42","","35.1","","3","6","","2","1","","3","3",""
"3090000","PHMB120073090033042100001","20070514","","03","폐업","03","폐업","20120918","","","","","","","","서울특별시 도봉구 해등로 125 (창동)","132926","엄마손산후조리원","2012-09-18 15:00:42","I","2018-08-31 23:59:59.0","","203500.539601657    ","461375.864695799    ","19","19","","","","","","","","","","","","","","","","",""
"3090000","PHMB120123090033042100001","20120502","","01","영업/정상","13","영업중","","","","","02-903-0033","","132893","서울특별시 도봉구 쌍문2동 653번지 7층","서울특별시 도봉구 도봉로 575, 7층 (쌍문동)","01432","소중한맘산후조리원","2021-09-16 20:13:06","U","2021-09-18 02:40:00.0","","203348.210556651    ","461557.310544671    ","19","19","318","40","8.3","40","6.3","0","2.86","15.18","2","2","0","1","1","0","7","7","0"
"3090000","PHMB120123090033042100002","2012-11-29","","01","영업/정상","13","영업중","","","","","029934300","","","","서울특별시 도봉구 해등로 125 (창동)","01426","마미캠프산후조리원","2023-09-12 09:26:17","U","2022-12-08 23:04:00.0","","203500.539601657","461375.864695799","","","","","","","","","","","","","","","","","","",""
"3100000","PHMB120123100034042100001","20120125","","03","폐업","03","폐업","20190521","","","","02-951-7373","","139836","서울특별시 노원구 상계1동 936번지 2호 미네르바빌딩 5층","서울특별시 노원구 수락산로 232 (상계동)","01615","(주)이자르씨엔에스 노원디럭스점","2019-05-22 10:52:45","U","2019-05-24 02:40:00.0","","204596.628767814    ","463189.712552985    ","13","13","175.5","21.5","17.2","6.65","9","38.4","38.4","8.64","3","7","","","","","5","5",""
"3100000","PHMB120123100034042100003","20120719","","03","폐업","03","폐업","20150531","","","","","","139816","서울특별시 노원구 상계2동 357번지 2호","서울특별시 노원구 상계로5길 32 (상계동)","","첫단추산후조리원","2015-06-02 14:39:03","I","2018-08-31 23:59:59.0","","205473.650087193    ","461640.694067429    ","19","19","13.9","32","","","","","","","4","7","","2","","2","","",""
"3100000","PHMB120063100034042100001","20060510","","03","폐업","03","폐업","20210527","","","","02-933-0087","","139831","서울특별시 노원구 상계6.7동 764번지 1호 하라프라자 5층","서울특별시 노원구 동일로 1323 (상계동,하라프라자 5층)","","(주)동그라미산후조리원 노원상계점","2021-05-27 17:16:49","U","2021-05-29 02:40:00.0","","205457.289886391    ","460487.443375594    ","19","19","211.09","55.12","0","47.45","11.66","89.29","52.67","5.66","6","5","","3","2","","5","",""
"3070000","PHMB120063070034042100002","2006-12-19","","03","폐업","03","폐업","2023-11-09","2019-02-27","2019-03-11","","02-922-4652","","136-044","서울특별시 성북구 삼선동4가 351번지 4호","서울특별시 성북구 보문로 180 (삼선동4가)","02847","루시나 산후조리원","2023-11-09 14:25:42","U","2022-10-31 23:01:00.0","","201290.424349579","454215.685515406","","","","","","","","","","","","","","","","","","",""
"3080000","PHMB120073080033042100004","2007-12-12","","01","영업/정상","13","영업중","","","","","02-985-3542","","","서울특별시 강북구 미아동 131번지 30호","서울특별시 강북구 도봉로 136, 7층 (미아동, 풍양회관)","01161","맘스텔라산후조리원","2024-08-30 11:10:13","U","2023-12-09 00:01:00.0","","202465.042504763","457640.23984676","","","","","","","","","","","","","","","","","","",""
"3060000","PHMB120153060034042100001","2015-03-03","","01","영업/정상","13","영업중","","","","","02-3421-5553","","131-131","서울특별시 중랑구 신내동 317번지 6호","서울특별시 중랑구 신내로16길 76 (신내동)","02053","레피리움시그니처신내 산후조리원","2025-01-03 10:51:18","U","2024-12-01 00:05:00.0","","208768.62849719","456722.558438482","","","","","","","","","","","","","","","","","","",""
"3100000","PHMB120063100034042100003","20061206","","03","폐업","03","폐업","20091023","","","","","","139803","서울특별시 노원구 공릉1.3동 398번지 26호","서울특별시 노원구 동일로 1055 (공릉동)","","마더웰산후조리원","2009-10-23 16:04:07","I","2018-08-31 23:59:59.0","","206381.496427374    ","457994.001705713    ","25","25","12","39","","","","","","","","","","","","","","",""
"3100000","PHMB120093100034042100001","20130711","","03","폐업","03","폐업","20180605","","","","971-0790","","139803","서울특별시 노원구 공릉1.3동 398번지 26호","서울특별시 노원구 동일로 1055 (공릉동)","","마더웰산후조리원","2018-06-05 18:14:04","I","2018-08-31 23:59:59.0","","206381.496427374    ","457994.001705713    ","19","19","12","39","16","45.14","","8.1","7.8","7.54","5","5","","1","2","","6","6",""
"3100000","PHMB120073100034042100001","20070316","","03","폐업","03","폐업","20120719","","","","","","139816","서울특별시 노원구 상계2동 357번지 2호 베베리타산후조리원 3층","서울특별시 노원구 상계로5길 32 (상계동,베베리타산후조리원 3층)","","베베리타산후조리원","2012-07-19 09:50:33","I","2018-08-31 23:59:59.0","","205473.650087193    ","461640.694067429    ","19","19","13.9","32","","","","","","","4","7","","2","","2","3","",""
"3100000","PHMB120063100034042100004","20061201","","03","폐업","03","폐업","20191130","","","","","","139806","서울특별시 노원구 공릉동 494번지 15호","서울특별시 노원구 동일로 1053 (공릉동, 영진빌딩 4층)","01857","정겨운산후조리원","2019-12-02 14:39:20","U","2019-12-04 02:40:00.0","","206388.862348732    ","457966.641016107    ","12","12","7.53","29.43","","","","","","","3","5","1","","","5","6","5","1"
"3100000","PHMB120153100034042100001","20151118","","01","영업/정상","13","영업중","","","","","02-949-2223","","","","서울특별시 노원구 노원로 240 (하계동, 백경빌딩)","01750","(주)더블레스 산후조리원","2015-11-18 11:03:58","I","2018-08-31 23:59:59.0","","206509.871291549    ","459672.860651094    ","29","29","1393","67.6","","28.5","15.5","","","30","4","7","0","2","1","","6","1","0"
"3100000","PHMB120103100034042100001","20130227","","01","영업/정상","13","영업중","","","","","","","","서울특별시 노원구 상계동 936번지 2호 미네르바빌딩 3층 5층","서울특별시 노원구 수락산로 232, 미네르바빌딩 3층, 5층 (상계동)","01615","제이미 산후조리원","2023-01-11 10:58:51","U","2022-11-30 23:03:00.0","","204596.628767814","463189.712552985","","","","","","","","","","","","","","","","","","",""
"3090000","PHMB120133090033042100001","20130703","","03","폐업","03","폐업","20220916","20211022","20221021","","02-6435-3555","","","","서울특별시 도봉구 도봉로 524, 하버드학원 6층 (창동)","01428","강남퀸즈산후조리원 강북점","2022-09-16 10:56:03","U","2021-12-08 23:08:00.0","","203199.63161713","461046.100244717","","","","","","","","","","","","","","","","","","",""
"3110000","PHMB120063110032042100002","20061208","","03","폐업","03","폐업","20191021","","","","02-353-4307","","","서울특별시 은평구 대조동 38번지 19호","서울특별시 은평구 진흥로 133, D동 4층 (대조동)","03395","은혜산후조리원","2019-10-22 08:59:31","U","2019-10-24 02:40:00.0","","193284.940671202    ","456206.224350641    ","8","8","140.14","18.4","","11.4","3","6.1","","12.25","2","5","1","1","1","1","5","4",""
"3110000","PHMB120073110032042100001","20141223","","03","폐업","03","폐업","20171130","","","","02-388-0900","","122825","서울특별시 은평구 녹번동 19번지 121호 3층","서울특별시 은평구 통일로 636 (녹번동,3층)","","(주)와이케이 동그라미 은평지점","2017-11-30 19:18:09","I","2018-08-31 23:59:59.0","","194220.324789601    ","455685.624980552    ","25","25","368.2","56.2","","68.1","15.6","11.84","88.55","19.4","3","4","","2","2","","2","2",""
"3110000","PHMB120063110032042100003","20061218","","03","폐업","03","폐업","20160714","","","","02-353-3588","","122837","서울특별시 은평구 대조동 26번지 17호","서울특별시 은평구 진흥로13길 2 (대조동)","","로얄사임당산후조리원","2016-07-15 13:23:11","I","2018-08-31 23:59:59.0","","193411.459972412    ","456303.255885892    ","15","15","106.17","25.48","","20.2","5","5","10.3","7","2","4","","1","1","","4","2",""
"3110000","PHMB120083110032042100001","20080318","","03","폐업","03","폐업","20110610","","","","02-355-8113","","122896","서울특별시 은평구 역촌동 15번지 7호","서울특별시 은평구 서오릉로 81 (역촌동)","","아이제일산후조리원","2011-06-22 18:30:12","I","2018-08-31 23:59:59.0","","193006.739055573    ","456126.377989615    ","7","7","100","","","","35","8.55","8.55","13.37","2","2","","","","","","",""
"3110000","PHMB120093110032042100001","20091218","","03","폐업","03","폐업","20160530","","","","389-2822","","122833","서울특별시 은평구 녹번동 141번지 1호","서울특별시 은평구 진흥로 148 (녹번동)","","라벨비 산후조리원","2016-05-30 11:31:04","I","2018-08-31 23:59:59.0","","193431.806134687    ","456248.097400845    ","9","9","164.2","16.8","3.99","","","","","","2","3","1","2","1","","5","5",""
"3110000","PHMB120113110032042100002","20110620","","03","폐업","03","폐업","20180919","","","","388-5855","","122845","서울특별시 은평구 대조동 226번지 3호","서울특별시 은평구 서오릉로 134 (대조동)","","맘스미 산후조리원","2019-01-24 19:32:31","U","2019-01-26 02:40:00.0","","192700.631623969    ","456521.110331138    ","9","9","138.56","","","12.45","6.4","10.8","21.94","3.85","3","3","","2","1","","1","1",""
"3110000","PHMB120193110032042100002","20191018","","01","영업/정상","13","영업중","","","","","02-388-5638","","","서울특별시 은평구 대조동 38번지 19호","서울특별시 은평구 진흥로 133, A동 (대조동)","03395","더은혜산후조리원","2019-11-04 13:46:21","U","2019-11-06 02:40:00.0","","193284.940671202    ","456206.224350641    ","21","21","295.64","38.07","21.32","0","6.64","40","72","9.54","3","7","0","0","0","0","6","5","1"
"3120000","PHMB120113120033042100001","2011-05-13","","01","영업/정상","13","영업중","","2024-06-01","2024-06-30","","02-362-7500","","","서울특별시 서대문구 대현동 101-7 혜우빌딩 601호","서울특별시 서대문구 신촌역로 10, 6층 601호 (대현동, 혜우빌딩)","03766","(주) 레피리움네이쳐 산후조리원","2024-07-03 17:49:06","U","2023-12-07 00:05:00.0","","194908.961214686","450597.757522205","","","","","","","","","","","","","","","","","","",""
"3110000","PHMB120113110032042100001","20110616","","01","영업/정상","13","영업중","","","","","355-0069","","122030","서울특별시 은평구 대조동 179번지 12호 (3,4,5층)","서울특별시 은평구 서오릉로 82 (대조동)","","아이젤 산후조리원","2021-12-08 18:08:01","U","2021-12-10 02:40:00.0","","193047.227779984    ","456161.99070213     ","23","23","311.51","43.9","12.7","41","19.3","0","7.69","10.8","3","8","0","2","2","0","3","3","0"
"3120000","PHMB120123120033042100001","20120217","","03","폐업","03","폐업","20170926","","","","374-2882","","120815","서울특별시 서대문구 북가좌2동 334번지 4호","서울특별시 서대문구 응암로 133, 2,3층 (북가좌동)","03676","동그라미산후조리원","2017-09-27 16:00:43","I","2018-08-31 23:59:59.0","","192358.298872317    ","453581.096699635    ","23","23","353.4","62.6","26.8","19.8","17.2","","85.4","13.5","4","9","","1","1","","2","2",""
"3130000","PHMB120133130033042100001","20131001","","03","폐업","03","폐업","20190327","","","","711-6838","","121856","서울특별시 마포구 신수동 431번지 3호","서울특별시 마포구 토정로 235 (신수동)","04090","맘스산후조리원","2019-03-27 16:04:32","U","2019-03-29 02:40:00.0","","194347.370505441    ","449089.80489159     ","27","27","535.4","66.1","11","45","16","48.2","48.2","14","5","11","0","1","1","","6","5",""
"3130000","PHMB120063130033042100001","20061208","","03","폐업","03","폐업","20091016","","","","335-4545","","121251","서울특별시 마포구 성산1동 9번지 7호","서울특별시 마포구 성미산로11길 72 (성산동)","","한나산후조리원","2010-11-11 14:58:44","I","2018-08-31 23:59:59.0","","192513.44866724     ","451284.350263617    ","16","16","6.5","27.4","20.8","20.4","4.5","2","8.1","12.2","5","2","","2","1","1","3","3","1"
"3100000","PHMB120083100034042100001","20080630","","01","영업/정상","13","영업중","","","","","02-904-8034","","139851","서울특별시 노원구 월계2동 776번지 월계프라자5층","서울특별시 노원구 초안산로5길 12 (월계동,월계프라자5층)","","와이엘산후조리원","2022-12-29 10:09:19","U","2021-11-01 21:01:00.0","","204489.998187538","458912.083095685","","","","","","","","","","","","","","","","","","",""
"3110000","PHMB120193110032042100001","20190612","","01","영업/정상","13","영업중","","","","","02-6941-1231","","","서울특별시 은평구 불광동 311번지 13호 메트로타워","서울특별시 은평구 통일로 856, 메트로타워 8층 (불광동)","03345","레피리움시그니쳐은평산후조리원","2022-08-26 16:34:08","U","2021-12-07 22:08:00.0","","192998.202204135","457479.99522553","","","","","","","","","","","","","","","","","","",""
"3130000","PHMB120063130033042100002","20080306","","01","영업/정상","13","영업중","","","","","3142-1212","","121232","서울특별시 마포구 망원2동 474번지 3호","서울특별시 마포구 월드컵로 155 (망원동)","","아이린산후조리원 망원점","2021-12-30 11:30:09","U","2022-01-01 02:40:00.0","","191528.664363799    ","451015.116442491    ","12","12","195","62","14","48","8","102","3.4","10","3","9","0","2","1","0","6","4","1"
"3140000","PHMB120073140033042100001","20070618","","03","폐업","03","폐업","20170203","","","","","","","서울특별시 양천구 목동 907번지 4호 우성에펠타운빌딩","서울특별시 양천구 목동서로 67, 우성에펠타운빌딩 (목동)","07983","맘앤캐슬(목동점)산후조리원","2020-04-02 15:26:11","U","2020-04-04 02:40:00.0","","189197.506088261    ","448244.523188923    ","13","13","","","","","","","","","5","5","","","","3","0","",""
"3140000","PHMB120063140033042100002","20061214","","03","폐업","03","폐업","20190903","","","","","","","서울특별시 양천구 목동 792번지 4호 목동태영프라자","서울특별시 양천구 등촌로 32, 목동태영프라자 2층 (목동)","07965","행복한 산후조리원","2019-09-03 17:50:55","U","2019-09-05 02:40:00.0","","187923.919592336    ","447850.891096367    ","10","10","","","","","","","","","","","","","","","0","",""
"3140000","PHMB120213140033042100001","20210629","","01","영업/정상","13","영업중","","","","","02)2698-3588","","","","서울특별시 양천구 화곡로 64, 동화빌딩 2층 (신월동)","07904","보네르아샤 산후조리원","2021-07-01 15:37:40","I","2021-07-03 00:22:53.0","","184806.911534822    ","448551.489178583    ","17","17","377.63","45.9","","28.41","23.85","","43.52","12.7","","","","","","","0","",""
"3140000","PHMB120173140033042100001","20170824","","01","영업/정상","13","영업중","","","","","","","","서울특별시 양천구 목동 513번지","서울특별시 양천구 공항대로 610 (목동, 정종일산부인과)","07968","(주)포미즈타임산후조리원","2017-11-20 17:31:03","I","2018-08-31 23:59:59.0","","188635.230900983    ","449396.806374349    ","6","6","180.55","21.5","16","","","","","","3","","","","","","0","",""
"3120000","PHMB120153120033042100001","2015-01-19","","03","폐업","03","폐업","2024-05-09","","","","02-2153-7788","","120-857","서울특별시 서대문구 홍제동 251번지 4호","서울특별시 서대문구 통일로 442, 10층 (홍제동)","03629","제이 산후조리원","2024-05-14 10:54:11","U","2023-12-04 23:06:00.0","","195065.292655665","454025.078627384","","","","","","","","","","","","","","","","","","",""
"3140000","PHMB120183140033042100001","20180626","","01","영업/정상","13","영업중","","","","","02)6927-3647","","","서울특별시 양천구 신정동 943번지 19호","서울특별시 양천구 중앙로 300, 시온빌딩 6~8층 (신정동)","08019","목동제일산후조리원","2018-06-27 12:17:15","I","2018-08-31 23:59:59.0","","186831.15837972     ","446764.915938532    ","14","14","274.85","31.47","","","12.96","5.37","","","2","2","","","","","3","3",""
"3150000","PHMB120063150037042100001","20060426","","03","폐업","03","폐업","20091210","","","","","","157030","서울특별시 강서구 등촌동 671번지 서울음악방송빌딩 7층","","","미체원산후조리원","2010-07-11 14:00:25","I","2018-08-31 23:59:59.0","","185851.053632398    ","450781.441229945    ","19","19","218.25","34.84","8.5","42.28","18.38","12.92","55.97","24.07","8","5","","2","1","","7","7",""
"3150000","PHMB120073150037042100001","20070228","","03","폐업","03","폐업","20090302","","","","","","157015","서울특별시 강서구 우장산동 1060번지 30호 지상3층","","","맘앤맘산후조리원","2009-03-02 14:09:58","I","2018-08-31 23:59:59.0","","185983.844739412    ","448981.902246047    ","13","14","232.27","22.42","3.34","44.16","5.2","26.04","17.34","13.34","2","2","0","1","0","1","","",""
"3130000","PHMB120063130033042100003","2006-12-07","","01","영업/정상","13","영업중","","2021-07-17","2021-09-30","","02-3142-3003","","121-843","서울특별시 마포구 성산1동 56번지 3호 CS타워 10층","서울특별시 마포구 월드컵북로 137 (성산동,CS타워 10층)","","주식회사 레피리움시그니처 홍대 산후조리원","2024-06-19 15:09:39","U","2023-12-05 22:01:00.0","","192136.276022554","451398.66145616","","","","","","","","","","","","","","","","","","",""
"3140000","PHMB120103140033042100002","2010-08-13","","01","영업/정상","13","영업중","","2017-11-22","2017-12-31","","02-2619-1000","","158-865","서울특별시 양천구 신정3동 1287번지 8호","서울특별시 양천구 남부순환로 654, 진덕빌딩 10층 (신정동)","08054","밝은미래산후조리원","2024-10-02 17:22:08","U","2023-10-31 00:04:00.0","","185937.652818807","445396.416355651","","","","","","","","","","","","","","","","","","",""
"3110000","PHMB120113110032042100003","2011-08-18","","01","영업/정상","13","영업중","","2022-12-03","2023-01-02","","","","122-819","서울특별시 은평구 구산동 1번지 24호  상원빌딩 5층","서울특별시 은평구 서오릉로 145 (구산동,상원빌딩 5층)","","아쉐르 산후조리원 은평점","2024-11-26 13:23:35","U","2023-10-31 22:08:00.0","","192563.874496397","456570.084566278","","","","","","","","","","","","","","","","","","",""
"3130000","PHMB120123130033042100001","2012-12-11","","01","영업/정상","13","영업중","","2021-09-18","2021-10-05","","02-306-2617","","","서울특별시 마포구 상암동 1751","서울특별시 마포구 월드컵북로 497, 3층301호,4,5층 (상암동)","03902","맘스밀리 산후조리원 상암점","2024-12-17 17:37:35","U","2023-11-01 23:09:00.0","","189286.699494574","453577.07310748","","","","","","","","","","","","","","","","","","",""
"3150000","PHMB120073150037042100002","20070607","","03","폐업","03","폐업","20190627","","","","3661-8825","","","","서울특별시 강서구 공항대로41길 10, 5층 (등촌동, 원풍빌딩)","07590","더굿마더산후조리원","2019-06-27 15:13:04","U","2019-06-29 02:40:00.0","","186250.120287549    ","450692.112374681    ","14","14","109.9","29.45","","24.18","7.28","2.5","47.7","8.12","3","7","","2","","1","6","5","1"
"3140000","PHMB120083140033042100001","20140522","","02","휴업","02","휴업","","20210503","20220104","","","","","서울특별시 양천구 신월동 54번지 7호","서울특별시 양천구 화곡로 64, 동화빌딩 2층 (신월동)","07904","동그라미산후조리원(강서점)","2022-11-25 17:03:42","U","2021-10-31 22:07:00.0","","184806.911534822","448551.489178583","","","","","","","","","","","","","","","","","","",""
"3150000","PHMB120073150037042100005","20070528","","03","폐업","03","폐업","20161231","","","","02-2658-7733","","157030","서울특별시 강서구 등촌동 668번지 9호 청호빌딩","서울특별시 강서구 공항대로 329 (등촌동)","07591","신세계산후조리원","2016-12-30 15:24:34","I","2018-08-31 23:59:59.0","","186173.47797747     ","450677.793228883    ","22","22","8.75","42.9","9.75","38.5","9.1","11.95","11","10.8","4","6","0","3","1","0","4","4",""
"3150000","PHMB120083150037042100002","20081121","","03","폐업","03","폐업","20160530","","","","02-2693-3006","","157904","서울특별시 강서구 화곡2동 873번지 1호 르네상스 B/D 4층","서울특별시 강서구 곰달래로 178 (화곡동)","07782","고운맘 산후조리원","2016-06-14 10:35:32","I","2018-08-31 23:59:59.0","","186908.136345532    ","447630.844251475    ","14","14","120.75","22.07","6.57","23.7","6","2.8","11.4","7.5","2","3","0","2","1","0","8","4",""
"3150000","PHMB120113150037042100001","20140402","","03","폐업","03","폐업","20200908","20200527","20201126","","2600-5157","","","","서울특별시 강서구 화곡로 188 (화곡동)","07727","더와이즈산후조리원","2020-09-08 14:05:06","U","2020-09-10 02:40:00.0","","186001.490296079    ","448899.500159804    ","15","15","414","66.5","19.25","95.3","15.2","16.9","18.4","33","4","6","","1","1","","3","3",""
"3150000","PHMB120123150037042100001","20120618","","01","영업/정상","13","영업중","","","","","2653-3588","","157896","서울특별시 강서구 화곡4동 775번지 5호","서울특별시 강서구 등촌로 45 (화곡동)","07741","(주)목동라테라산후조리원","2020-01-23 17:48:28","U","2020-01-25 02:40:00.0","","187851.907513115    ","447977.521870162    ","16","16","370.64","37.2","","26.4","10.5","","13.8","73.8","3","6","","2","2","3","6","5","1"
"3150000","PHMB120213150037042100001","2021-02-10","","03","폐업","03","폐업","2024-01-25","","","","02-3664-1265","","","서울특별시 강서구 마곡동 791-5 마곡파인스퀘어Ⅲ","서울특별시 강서구 마곡중앙8로5길 11, 마곡파인스퀘어Ⅲ (마곡동)","07794","드팜므 산후조리원 마곡 주식회사","2024-02-02 13:00:16","U","2023-12-02 00:04:00.0","","185538.386473543","451080.469903239","","","","","","","","","","","","","","","","","","",""
"3160000","PHMB120063160034042100001","20160902","","03","폐업","03","폐업","20190722","","","","02-6952-2271","","","서울특별시 구로구 구로동 100번지 8호","서울특별시 구로구 구로중앙로 68, 4층 (구로동, 신안타워)","08301","이자르 산후조리원 구로점","2019-07-22 16:03:02","U","2019-07-24 02:40:00.0","","190099.217394597    ","443743.18319767     ","16","16","203.96","57.4","","36.42","","","","","3","3","","1","1","","0","",""
"3160000","PHMB120073160034042100001","20070608","","03","폐업","03","폐업","20140525","","","","","","152865","서울특별시 구로구 구로2동 612번지 10호 제일빌딩 7층","서울특별시 구로구 구로중앙로 215 (구로동,제일빌딩 7층)","","연세사랑모아산후조리원","2014-05-27 13:24:31","I","2018-08-31 23:59:59.0","","189065.839819179    ","444751.671261513    ","9","9","72","15","","","","","","","3","6","","","","2","9","7","2"
"3140000","PHMB120103140033042100001","2010-01-28","","03","폐업","03","폐업","2024-01-10","","","","02-2647-0100","","","서울특별시 양천구 신정동 1023-12 5층","서울특별시 양천구 은행정로 5, 5층 (신정동)","08086","퀸즈마리 산후조리원","2024-01-08 10:18:56","U","2023-11-30 23:00:00.0","","187520.306766633","446450.347274241","","","","","","","","","","","","","","","","","","",""
"3160000","PHMB120123160034042100001","2012-08-02","","01","영업/정상","13","영업중","","2023-04-08","2023-04-13","","2682-2400","","","서울특별시 구로구 오류동 159번지 삼성미래여성병원","서울특별시 구로구 서해안로 2296, 삼성미래여성병원 오류동 3~6층 (오류동)","08342","미래 산후조리원","2023-04-14 14:00:24","U","2022-12-03 23:06:00.0","","185818.005782408","443237.927427791","","","","","","","","","","","","","","","","","","",""
"3150000","PHMB120073150037042100004","2007-06-01","","01","영업/정상","13","영업중","","","","","","","","서울특별시 강서구 화곡동 1031번지 6호","서울특별시 강서구 강서로 198 (화곡동)","07698","리베 산후조리원 강서점","2024-07-29 13:51:47","U","2023-12-06 21:01:00.0","","185663.269533644","449087.622370477","","","","","","","","","","","","","","","","","","",""
"3140000","PHMB120073140033042100002","2007-10-01","","01","영업/정상","13","영업중","","","","","02-2061-6001","","","서울특별시 양천구 목동 713-5 상진지오벨리","서울특별시 양천구 목동중앙남로3가길 127, 2층 (목동, 상진지오벨리)","07957","뉴이자르 산후조리원 목동점","2024-04-08 10:14:09","U","2023-12-03 23:00:00.0","","187908.611455619","448799.30868012","","","","","","","","","","","","","","","","","","",""
"3150000","PHMB120153150037042100002","2015-06-25","","01","영업/정상","13","영업중","","","","","3661-1115","","","","서울특별시 강서구 양천로 354 (가양동)","07573","르베르쏘 산후조리원","2024-06-26 16:27:58","U","2023-12-05 22:08:00.0","","185950.696438517","451746.252518861","","","","","","","","","","","","","","","","","","",""
"3150000","PHMB120123150037042100002","2012-11-28","","01","영업/정상","13","영업중","","","","","02-2083-0600","","","서울특별시 강서구 등촌동 632번지 6호 파인블루빌딩","서울특별시 강서구 양천로 600, 파인블루빌딩 (등촌동)","07552","맘스밀리산후조리원강서","2024-11-12 17:16:12","U","2023-10-31 23:04:00.0","","187974.228864018","450369.165403996","","","","","","","","","","","","","","","","","","",""
"3150000","PHMB120203150037042100001","2020-09-23","","01","영업/정상","13","영업중","","","","","02-2694-3588","","","서울특별시 강서구 화곡동 1126-3 르베르쏘","서울특별시 강서구 공항대로48길 13-5, 르베르쏘 (화곡동)","07655","주식회사 에빠토르베르쏘 산후조리원","2024-10-22 10:47:54","U","2023-10-30 22:04:00.0","","187164.38083253","450207.368960705","","","","","","","","","","","","","","","","","","",""
"3160000","PHMB120113160034042100001","20110331","","03","폐업","03","폐업","20191212","20190602","20190630","","02-883-0099","","152887","서울특별시 구로구 신도림동 413번지 9호 리더스코리아빌딩","서울특별시 구로구 경인로 610 (신도림동,리더스코리아빌딩)","08213","엘피스산후조리원","2019-12-13 09:16:36","U","2019-12-15 02:40:00.0","","189661.489845947    ","444788.587049392    ","20","20","410","37","6.1","30","6.5","5.8","120","12.4","3","3","","1","1","","25","19","6"
"3160000","PHMB119863160034042100001","19861217","","01","영업/정상","13","영업중","","","","","854-0818","","","서울특별시 구로구 구로동 806번지 60호","서울특별시 구로구 구로동로8길 18 (구로동)","08320","김삼순조산원","2015-11-23 11:55:16","I","2018-08-31 23:59:59.0","","189870.090913804    ","442718.798953016    ","2","2","","","","","","","","","","","","","","","","",""
"3160000","PHMB120123160034042100002","20121205","","01","영업/정상","13","영업중","","","","","02-2688-6200","","","","서울특별시 구로구 천왕로 106, 5층 (오류동)","08365","로얄사임당 산후조리원 천왕점","2018-09-11 09:59:52","U","2018-09-11 23:59:59.0","","185721.91202600000  ","442967.06766400000  ","13","13","191.68","24.19","0","8","5.7","","","","3","5","","1","","1","5","5",""
"3160000","PHMB120133160034042100001","20131007","","01","영업/정상","13","영업중","","","","","028559911","","","서울특별시 구로구 구로동 25번지","서울특별시 구로구 새말로 94, 7~8층 (구로동)","08289","아름제일 산후조리원 1관","2020-04-16 17:34:46","U","2020-04-18 02:40:00.0","","190244.829015482    ","444811.238193821    ","14","14","266.47","27.42","","59.15","2.95","","8.95","12.21","3","9","0","3","","","0","5",""
"3160000","PHMB120153160034042100001","20150723","","01","영업/정상","13","영업중","","","","","02-2060-9315","","","","서울특별시 구로구 경인로 322, 3~4층 (개봉동, 민전산부인과)","08274","민전 산후조리원","2021-02-16 17:56:27","U","2021-02-18 02:40:00.0","","187190.111430769    ","443880.346195961    ","16","16","232","32.4","","30","23","3.1","","","3","4","","2","1","1","3","3",""
"3170000","PHMB120073170035042100001","20071002","","03","폐업","03","폐업","20190903","","","","893-3535","","153031","서울특별시 금천구 시흥1동 912번지 20호  에벤에셀프라자 5층","서울특별시 금천구 금하로 720 (시흥동,에벤에셀프라자 5층)","","(주)와이케이 동그라미 산후조리원 금천지점","2019-09-03 12:21:22","U","2019-09-05 02:40:00.0","","191917.450107657    ","438699.77460936     ","23","23","270.85","57.12","","59.61","23.16","13.48","60.07","15.77","2","8","0","1","1","1","11","5","2"
"3170000","PHMB120083170035042100001","20080218","","03","폐업","03","폐업","20210924","","","","02-891-1801~4","","153030","서울특별시 금천구 시흥동 999번지 29호  30호","서울특별시 금천구 시흥대로 239 (시흥동,30호)","08614","뉴연세산후조리원","2021-09-28 08:49:47","U","2021-09-30 02:40:00.0","","191074.222004678    ","439241.805170218    ","26","26","367.24","49.68","30.04","71.02","8.37","2.1","2.1","6.6","4","7","0","0","1","0","22","19","3"
"3170000","PHMB120143170035042100001","20140912","","01","영업/정상","13","영업중","","","","","02-2109-3003","","153812","서울특별시 금천구 독산동 288번지 3호","서울특별시 금천구 시흥대로 415, 4~5층 (독산동, DDS빌딩)","08523","M.J 산후조리원","2016-12-05 16:52:39","I","2018-08-31 23:59:59.0","","190877.9899453      ","440964.438480712    ","24","24","412.66","87.21","14.13","15.53","13.5","40.8","40.8","11.04","3","9","","3","1","1","0","",""
"3180000","PHMB120153180034042100003","20151211","","03","폐업","03","폐업","20170703","","","","02-2068-5150","","","서울특별시 영등포구 당산동6가 224번지","서울특별시 영등포구 양평로 32 (당산동6가, 누가빌딩)","07223","아이엘산후조리원","2017-07-04 15:33:23","I","2018-08-31 23:59:59.0","","191349.222267929    ","447939.351087719    ","9","9","148.2","30","4","5","1.9","4","36","0","3","4","0","1","1","0","5","5","0"
"3180000","PHMB120063180034042100001","20061208","","03","폐업","03","폐업","20090413","","","","8438700","","150815","서울특별시 영등포구 대림3동 719번지 1호","서울특별시 영등포구 대림로 167 (대림동)","","아이맘산후조리원","2009-04-13 10:50:25","I","2018-08-31 23:59:59.0","","191015.410050315    ","443732.737198302    ","12","12","91.3","21.6","10.6","28.3","5","5","9.4","5","2","2","0","2","1","0","8","2","0"
"3180000","PHMB120063180034042100002","20061107","","03","폐업","03","폐업","20110408","","","","847-1001","","150840","서울특별시 영등포구 신길1동 160번지 14호","서울특별시 영등포구 도신로 215-1 (신길동)","150840","라메르산후조리원","2011-04-08 14:49:29","I","2018-08-31 23:59:59.0","","192431.265247094    ","445525.184869583    ","3","3","16.64","12.6","5.4","22.8","2.7","2.7","3.3","4.4","1","1","0","1","1","0","6","6","0"
"3180000","PHMB120063180034042100003","20061204","","03","폐업","03","폐업","20120511","","","","2637-3816","","150038","서울특별시 영등포구 영등포동8가 80번지 1호","서울특별시 영등포구 영중로 140 (영등포동8가)","","르베르쏘산후조리원","2012-05-03 09:37:46","I","2018-08-31 23:59:59.0","","191628.281133809    ","447397.380617328    ","13","13","86.29","18.73","0","20.84","3.83","4.2","4.34","4.1","4","4","0","1","1","0","8","0","0"
"3180000","PHMB120063180034042100004","20061205","","03","폐업","03","폐업","20170727","","","","","","150823","서울특별시 영등포구 대림2동 993번지 72호","서울특별시 영등포구 시흥대로175길 5 (대림동)","07445","사임당(디지털점)산후조리원","2017-07-24 15:53:58","I","2018-08-31 23:59:59.0","","191488.882466708    ","442861.809050257    ","12","12","134.8","20.8","0","23.7","0","0","0","10.5","2","8","1","1","1","0","3","23","0"
"3180000","PHMB120083180034042100002","20080221","","03","폐업","03","폐업","20170131","","","","","","150860","서울특별시 영등포구 신길6동 4491번지","서울특별시 영등포구 여의대방로 65 (신길동)","","VIP산후조리원","2017-02-03 15:45:54","I","2018-08-31 23:59:59.0","","192275.299730624    ","443891.073398846    ","17","17","256.74","28.09","10.52","33.44","8.26","0","0","20.29","2","9","0","1","1","0","8","2","0"
"3180000","PHMB120103180034042100002","20100907","","03","폐업","03","폐업","20150731","","","","","","150038","서울특별시 영등포구 영등포동8가 68번지","서울특별시 영등포구 영중로 133 (영등포동8가)","07228","아이엘산부인과 소아청소년과 부설 산후조리원","2015-12-11 19:48:24","I","2018-08-31 23:59:59.0","","191565.593190076    ","447346.655796394    ","7","7","127.1","28","0","0","20","4","26.7","18","2","4","0","1","1","0","6","5","1"
"3180000","PHMB120113180034042100002","20110809","","03","폐업","03","폐업","20150515","","","","2637-3838","","150038","서울특별시 영등포구 영등포동8가 80번지 1호","서울특별시 영등포구 영중로 140 (영등포동8가)","","(주)영등포 행복한 산후조리원","2015-05-06 14:42:59","I","2018-08-31 23:59:59.0","","191628.281133809    ","447397.380617328    ","16","16","179","34.9","3.4","25.7","10","34","34","5.7","4","5","0","2","1","1","5","4","1"
"3200000","PHMB120093200033042100001","20090410","","03","폐업","03","폐업","20120514","","","","","","151836","서울특별시 관악구 청룡동 875번지 1호","서울특별시 관악구 남부순환로 1802 (봉천동)","","로얄 사임당 산후조리원","2012-05-17 09:07:51","I","2018-08-31 23:59:59.0","","195537.269534163    ","442122.202180318    ","15","15","12.3","56.22","14.3","48.19","2.94","3.15","3.15","17.82","6","6","","2","2","","18","",""
"3180000","PHMB120143180034042100001","20141205","","01","영업/정상","13","영업중","","","","","02-3667-3579","","150096","서울특별시 영등포구 문래동6가 5번지 2호 문래아카데미","서울특별시 영등포구 선유로 59 (문래동6가)","07281","주식회사 리더스 산후조리원","2020-12-18 15:20:10","U","2020-12-20 02:40:00.0","","190114.183690988    ","446343.489384602    ","20","20","412","47","7.6","25","9","3.38","3.38","11.7","3","16","0","1","1","1","9","6","3"
"3180000","PHMB120113180034042100001","20110124","","01","영업/정상","13","영업중","","20210614","20210628","","02-2679-5005","","","","서울특별시 영등포구 선유로 63 (문래동6가, EEU동신타워)","07281","주식회사 라솜산후조리원","2021-06-29 17:30:21","U","2021-07-01 02:40:00.0","","190121.308341551    ","446385.28413493     ","16","16","15.9","31.4","9.86","0","7.39","0","3.18","0","4","10","0","2","0","0","11","8","3"
"3190000","PHMB120073190033042100001","20071023","","03","폐업","03","폐업","20160730","","","","","","156848","서울특별시 동작구 신대방동 359번지 69호 아카데미타워 403호","","","로얄산후조리원(2관)","2017-04-05 16:55:06","I","2018-08-31 23:59:59.0","","","","19","19","249.22","41.29","8.76","57.01","10.5","24.1","48.2","18.67","4","9","0","2","2","","","",""
"3190000","PHMB120073190033042100002","20070117","","03","폐업","03","폐업","20070411","","","","","","156854","서울특별시 동작구 신대방동 687번지 15호","서울특별시 동작구 대림로 54 (신대방동)","","본 산후조리원","2008-12-22 17:11:39","I","2018-08-31 23:59:59.0","","191765.918928731    ","442906.845419042    ","7","7","77.88","19.13","4.48","8.54","25.84","12","15.83","","2","3","","1","1","2","","",""
"3190000","PHMB120073190033042100003","20070120","","03","폐업","03","폐업","20160831","","","","","","156849","서울특별시 동작구 신대방동 395번지 69호 보라매아카데미 타워 401호","서울특별시 동작구 보라매로5가길 16 (신대방동,보라매아카데미 타워 401호)","","로얄산후조리원","2017-04-05 16:56:08","I","2018-08-31 23:59:59.0","","193218.36400997     ","443239.581054145    ","20","20","300","58.74","5.94","62.1","8","32.84","55.83","15.58","4","11","","1","1","","","",""
"3190000","PHMB119993190033042100001","19990425","","03","폐업","03","폐업","20081127","","","","","","156832","서울특별시 동작구 상도동 356번지 2층","서울특별시 동작구 상도로 133 (상도동,2층)","","늘푸른산후조리원","2008-12-22 17:26:37","I","2018-08-31 23:59:59.0","","194136.4185038      ","444467.349038929    ","13","13","7.66","22.82","7.9","41.36","8","1.82","13.5","5.77","3","3","","1","1","","","",""
"3190000","PHMB120063190033042100001","20061031","","03","폐업","03","폐업","20081126","","","","","","156814","서울특별시 동작구 동작동 66번지 18호","","","사임당 산후조리원","2008-12-22 17:31:49","I","2018-08-31 23:59:59.0","","","","15","15","118.06","25.6","6.1","26.12","5.8","","42.72","4.62","5","2","1","1","1","","","",""
"3190000","PHMB120063190033042100002","20120102","","03","폐업","03","폐업","20190308","","","","826-6140","","156806","서울특별시 동작구 노량진2동 312번지 6호","서울특별시 동작구 장승배기로 113 (노량진동)","06936","마더휴","2019-03-08 17:10:12","U","2019-03-10 02:40:00.0","","194587.64831966     ","445069.910015179    ","22","22","284.2","37.56","7.74","43.71","14.61","5.64","56.43","7.28","4","3","","1","1","","0","",""
"3190000","PHMB120093190033042100001","20090122","","03","폐업","03","폐업","20201118","","","","","","","서울특별시 동작구 상도동 25-1 세담빌딩","서울특별시 동작구 상도로 213, 세담빌딩 (상도동)","06921","늘푸른산후조리원(동작점)","2020-11-18 17:37:02","U","2020-11-20 02:40:00.0","","194851.355710528    ","444812.543821527    ","10","10","148","214","","11","8","","3","4","3","5","","2","1","","6","6",""
"3190000","PHMB120143190033042100001","20141023","","03","폐업","03","폐업","20170421","","","","02-835-2228","","156713","서울특별시 동작구 신대방동 395번지 69호 결한방산후조리원보라매점","서울특별시 동작구 보라매로5가길 16, 4층 (신대방동, 결한방산후조리원보라매점)","07071","(주)결한방산후조리원보라매점","2017-05-10 09:18:15","I","2018-08-31 23:59:59.0","","193218.36400997     ","443239.581054145    ","15","15","369","32","14","56.6","23.4","41.2","13.2","11","1","3","","1","","1","4","4",""
"3190000","PHMB120043190033042100001","2004-06-23","","03","폐업","03","폐업","2013-09-10","","","","","","","서울특별시 동작구 대방동 336-6","서울특별시 동작구 상도로 82 (대방동)","07041","미래산후조리원","2024-10-16 09:17:10","U","2023-10-30 23:08:00.0","","193712.567320342","444141.942093412","","","","","","","","","","","","","","","","","","",""
"3200000","PHMB120103200033042100001","20100927","","03","폐업","03","폐업","20200611","","","","02-862-3588","","","서울특별시 관악구 봉천동 32번지 8호 동진빌딩","서울특별시 관악구 관악로 217, 동진빌딩 13층 (봉천동)","08744","로얄사임당 산후조리원(관악점)","2020-06-11 15:25:42","U","2020-06-13 02:40:00.0","","195915.267434669    ","442465.953291086    ","15","15","19.25","37.74","","8.68","12.24","6","4.2","8.05","3","5","0","2","1","","5","5",""
"3200000","PHMB120123200033042100002","20120113","","03","폐업","03","폐업","20191004","","","","879-9004","","151015","서울특별시 관악구 신림동 1638번지 1호","서울특별시 관악구 신원로 35 (신림동)","","가연산후조리원","2019-10-11 17:30:45","U","2019-10-13 02:40:00.0","","193643.274303943    ","442230.03574985     ","29","29","499.16","75.25","15.06","74.24","22.69","109.33","109.83","9.27","8","4","","2","1","1","6","6",""
"3200000","PHMB120073200033042100001","20070921","","03","폐업","03","폐업","20090425","","","","","","151015","서울특별시 관악구 신림동 1422번지 10호","서울특별시 관악구 남부순환로 1631 (신림동)","","관악 여울소 산후조리원","2009-06-30 15:19:51","I","2018-08-31 23:59:59.0","","193898.694557768    ","442510.166080003    ","10","10","168.05","20.5","","","","","","","3","3","0","2","1","","5","",""
"3180000","PHMB120103180034042100001","2010-06-30","","03","폐업","03","폐업","2023-12-26","","","","02-2676-5757","","","서울특별시 영등포구 문래동3가 77번지","서울특별시 영등포구 선유로 64 (문래동3가)","07295","아란태산후조리원","2023-12-22 14:07:53","U","2022-11-01 22:04:00.0","","190176.6271997","446383.661382419","","","","","","","","","","","","","","","","","","",""
"3180000","PHMB120153180034042100001","2015-05-15","","01","영업/정상","13","영업중","","","","","02-2068-6167","","150-038","서울특별시 영등포구 영등포동8가 80번지 1호","서울특별시 영등포구 영중로 140 (영등포동8가, 영중로 140)","07226","더 아이리스 산후조리원","2024-03-22 14:29:36","U","2023-12-02 22:04:00.0","","191628.281133809","447397.380617328","","","","","","","","","","","","","","","","","","",""
"3190000","PHMB120163190033042100001","2016-09-28","","01","영업/정상","13","영업중","","","","","","","","","서울특별시 동작구 보라매로5가길 16 (신대방동, 보라매아카데미타워)","07071","카리스산후조리원(보라매점)","2024-09-26 13:06:32","U","2023-12-08 22:08:00.0","","193218.36400997","443239.581054145","","","","","","","","","","","","","","","","","","",""
"3200000","PHMB120083200033042100001","20081112","","03","폐업","03","폐업","20141028","","","","884-3579","","151826","서울특별시 관악구 은천동 937번지 15호","서울특별시 관악구 은천로 51 (봉천동)","","미래퀸 산후조리원","2014-10-29 09:37:55","I","2018-08-31 23:59:59.0","","194719.981415722    ","442674.193730756    ","18","18","326","37.53","9.2","33.96","10.94","56","","","3","3","","2","","","3","3",""
"3200000","PHMB120123200033042100004","20121112","","03","폐업","03","폐업","20140425","","","","889-0700","","151822","서울특별시 관악구 중앙동 463번지 4호 메카플러스 7,8층","서울특별시 관악구 양녕로 46 (봉천동,메카플러스 7,8층)","","로얄사임당산후조리원","2014-04-30 14:49:53","I","2018-08-31 23:59:59.0","","195274.343265834    ","442663.498606503    ","18","18","21.5","72","13.5","44.5","8.7","3.7","3.7","7.9","7","2","1","2","2","","7","7",""
"3200000","PHMB120153200033042100001","20150223","","03","폐업","03","폐업","20190412","20170412","20190411","","02-886-5551","","","","서울특별시 관악구 남부순환로 1785 (봉천동)","08758","미래드림 산후조리원","2019-04-12 13:45:57","U","2019-04-14 02:40:00.0","","195387.990236283    ","442205.889843962    ","13","13","234","39","0","28.32","20","0","31.9","16","4","5","","2","1","1","9","7","2"
"3200000","PHMB120093200033042100004","20090706","","03","폐업","03","폐업","20161108","20161006","20170405","","","","","서울특별시 관악구 봉천동 870번지 2호 은일빌딩","서울특별시 관악구 봉천로 462 (봉천동, 은일빌딩)","08758","사임당산후조리원","2016-11-08 13:16:38","I","2018-08-31 23:59:59.0","","195611.587818684    ","442204.012875284    ","10","10","126.19","18.02","23.65","21.68","6.12","","4.5","7.7","3","2","","","","","","",""
"3200000","PHMB120123200033042100003","2012-05-15","","01","영업/정상","13","영업중","","","","","02-873-1112","","","","서울특별시  남부순환로 1802","08786","로얄사임당산후조리원","2023-11-21 10:14:24","U","2022-10-31 22:03:00.0","","195537.269534163","442122.202180318","","","","","","","","","","","","","","","","","","",""
"3210000","PHMB120073210034042100001","20070822","","03","폐업","03","폐업","20200810","20200209","20200809","","","","137808","서울특별시 서초구 반포1동 706번지 6호 2층","서울특별시 서초구 강남대로 545-12 (반포동,2층)","","동그라미산후조리원 논현점","2020-08-25 15:28:22","U","2020-08-27 02:40:00.0","","201752.837426699    ","445355.0474105      ","15","15","12.1","28.36","4.55","23.46","6.76","","4","5.07","2","7","","","","3","5","2",""
"3210000","PHMB120063210034042100001","20061207","","03","폐업","03","폐업","20131120","","","","3473-3330","","137879","서울특별시 서초구 서초1동 1627번지 1호 교대벤처타워 7층","서울특별시 서초구 사임당로 64 (서초동,교대벤처타워 7층)","","서희산후조리원","2013-11-21 17:40:00","I","2018-08-31 23:59:59.0","","201430.47661735     ","442950.471520545    ","13","13","13","23","","","","","","","4","4","","","","4","","",""
"3210000","PHMB120063210034042100002","20061206","","01","영업/정상","13","영업중","","","","","02-532-1633","","137829","서울특별시 서초구 방배본동 783번지 26호 로얄쇼핑센터 3층","서울특별시 서초구 동작대로 172 (방배동,로얄쇼핑센터 3층)","","(주)와이케이동그라미 레피리움 강남지점","2020-09-03 16:59:38","U","2020-09-05 02:40:00.0","","198438.338613832    ","443294.835938427    ","14","14","16.5","48","16.5","20","7","15","6.6","16.5","3","4","","","","","0","",""
"3210000","PHMB120123210034042100001","20120201","","01","영업/정상","13","영업중","","","","","02-533-6169","","137855","서울특별시 서초구 서초4동 1302번지 4호 2~6층","서울특별시 서초구 서운로 216 (서초동)","06609","(주)사임당아모리움산후조리원","2020-09-03 16:58:46","U","2020-09-05 02:40:00.0","","201862.357603246    ","444462.626124882    ","28","28","547.8","68.32","24.33","30.54","15.2","79.2","60","38.5","6","8","","1","1","","8","6","2"
"3210000","PHMB120123210034042100002","20120524","","01","영업/정상","13","영업중","","20190601","20190624","","535-3853","","137803","서울특별시 서초구 반포4동 54번지 1호 쌍동빌딩서관 6층","서울특별시 서초구 고무래로 22 (반포동, 쌍동빌딩서관 6층)","06593","(주)센트리움산후조리원","2019-07-04 11:10:53","U","2019-07-06 02:40:00.0","","200878.342248065    ","444477.688306142    ","17","18","417.04","46","10","41.44","10.3","","3.08","16.04","4","5","1","1","1","1","6","6",""
"3220000","PHMB120063220033042100002","20061207","","03","폐업","03","폐업","20140306","","","","","","135833","서울특별시 강남구 논현2동 277번지 27호","서울특별시 강남구 봉은사로 303 (논현동)","","아이통곡산후조리원","2014-03-05 16:19:26","I","2018-08-31 23:59:59.0","","203479.293031865    ","445256.313474871    ","12","12","108","28","","","","","","","3","5","","2","1","","0","",""
"3220000","PHMB120073220033042100002","20071112","","03","폐업","03","폐업","20131128","","","","","","135894","서울특별시 강남구 신사동 617번지 5호","서울특별시 강남구 언주로 871 (신사동)","","호산여성병원산후조리원","2013-11-28 16:51:11","I","2018-08-31 23:59:59.0","","202879.096032846    ","447368.00014        ","7","7","148","","","","","","","","3","5","","","","","8","8",""
"3220000","PHMB120053220033042100001","20050929","","03","폐업","03","폐업","20161031","","","","552-0100","","","서울특별시 강남구 역삼동 786번지 12호","서울특별시 강남구 도곡로 786-19 (역삼동, 정민빌딩)","06230","행복한 산후조리원","2016-10-25 19:19:22","I","2018-08-31 23:59:59.0","","","","13","13","124.42","26.66","","167.25","5.5","1.48","24.81","5.44","4","6","","2","1","","0","",""
"3220000","PHMB120083220033042100001","20080228","","03","폐업","03","폐업","20130731","","","","558-7769","","135842","서울특별시 강남구 대치2동 984번지 로얄빌딩 3층","서울특별시 강남구 도곡로99길 16 (대치동,로얄빌딩 3층)","","르베르쏘 산후조리원","2014-05-19 16:37:48","I","2018-08-31 23:59:59.0","","205766.531433892    ","444407.220534592    ","16","16","258","35.17","","33.23","14.3","","41.66","","4","3","","2","2","","3","",""
"3220000","PHMB120083220033042100002","20080604","","03","폐업","03","폐업","20110715","","","","02-2057-6432","","135515","서울특별시 강남구 역삼2동 785번지 12호","서울특별시 강남구 언주로 303 (역삼동)","","드 라마 산후조리원","2017-03-06 11:14:00","I","2018-08-31 23:59:59.0","","204004.328388149    ","443597.980050957    ","15","15","302.09","15.6","12","44.7","11.51","4.9","68","10.41","9","0","2","1","2","","","",""
"3210000","PHMB120113210034042100001","2011-12-08","","01","영업/정상","13","영업중","","","","","537-3232","","","서울특별시 서초구 반포동 107번지 45호 부림빌딩 7,8층","서울특별시 서초구 사평대로18길 10, 부림빌딩 7,8층 (반포동)","06575","서래 네송스 산후조리원","2023-12-05 11:53:35","U","2022-11-02 00:07:00.0","","199540.058557374","444026.800198634","","","","","","","","","","","","","","","","","","",""
"3210000","PHMB120133210034042100001","2013-08-08","","03","폐업","03","폐업","2023-05-11","","","","02-592-3338","","137-044","서울특별시 서초구 반포4동 83번지 16호 양지빌딩 3,4,5층","서울특별시 서초구 동광로49길 7 (반포동, 양지빌딩 3,4,5층)","06580","(주) 메르앙서래","2023-11-28 10:57:38","U","2022-10-31 21:00:00.0","","200105.950303729","443487.224113906","","","","","","","","","","","","","","","","","","",""
"3220000","PHMB120063220033042100001","20061127","","03","폐업","03","폐업","20210518","20170713","20170801","","541-5673","","","서울특별시 강남구 청담동 132번지 16호 청구 빌딩 2층","서울특별시 강남구 학동로101길 15, 청구 빌딩 2층 (청담동)","06075","트리니티산후조리원(청담점)","2021-05-18 16:36:07","U","2021-05-20 02:40:00.0","","205004.086672612    ","446564.659683453    ","15","15","281.13","2.74","14.93","23.02","8.02","35","5.85","11.84","4","11","","1","1","4","6","4","2"
"3220000","PHMB120133220033042100001","20130816","","03","폐업","03","폐업","20190110","20170328","20170930","","558-2053","","135842","서울특별시 강남구 대치2동 984번지 로얄빌딩 3층","서울특별시 강남구 도곡로99길 16 (대치동)","06189","알루베베산후조리원","2019-01-10 18:23:18","U","2019-01-12 02:40:00.0","","205766.531433892    ","444407.220534592    ","17","17","258","35.17","","33.23","14.3","","2.8","","4","6","","1","1","1","3","3",""
"3220000","PHMB120083220033042100003","20080227","","03","폐업","03","폐업","20210430","20191101","20191128","","02-554-6600","","","서울특별시 강남구 역삼동 837번지 26호 삼일프라자오피스텔 3층 302호","서울특별시 강남구 도곡로1길 14, 삼일프라자오피스텔 3층 302호 (역삼동)","06253","앙즐레 산후조리원","2021-04-30 11:22:06","U","2021-05-02 02:40:00.0","","202803.137561335    ","443189.823482655    ","15","15","327.9","29.8","8.6","14","8.29","31.92","34.98","","4","3","1","1","2","","6","6","6"
"3220000","PHMB120113220033042100001","20111104","","03","폐업","03","폐업","20170404","","","","02-555-7166","","135917","서울특별시 강남구 역삼1동 694번지 12호","서울특별시 강남구 선릉로 535 (역삼동)","06149","라마드레 산후조리원","2017-04-04 16:55:18","I","2018-08-31 23:59:59.0","","204049.984382448    ","444973.446470304    ","18","18","320.5","49.4","14.5","23.1","6.6","22.8","28.8","33.7","3","6","","4","2","2","6","6",""
"3220000","PHMB120123220033042100003","20120426","","03","폐업","03","폐업","20160609","","","","555-9550","","","","서울특별시 강남구 언주로107길 658-7 (역삼동)","06136","산후조리원 궁 (강남점)","2016-06-09 15:44:02","I","2018-08-31 23:59:59.0","","","","18","18","334.2","42.9","","66.2","","","96.8","6.4","3","5","","1","1","","0","",""
"3220000","PHMB120123220033042100004","20120525","","03","폐업","03","폐업","20140507","","","","02-575-7870","","135859","서울특별시 강남구 도곡1동 941번지 8호","서울특별시 강남구 도곡로6길 13 (도곡동)","","라펠리체 산후조리원","2014-05-07 16:57:55","I","2018-08-31 23:59:59.0","","202983.070885408    ","443022.20537814     ","15","15","361.2","63.4","9.7","27.8","4.86","","","","7","6","","","","","7","7",""
"3220000","PHMB120123220033042100005","20121027","","03","폐업","03","폐업","20180228","","","","02-1899-2227","","","서울특별시 강남구 청담동 71번지 3호 11~13층","서울특별시 강남구 영동대로 71-3 (청담동, 튼튼병원빌딩)","06072","청담베네크레산후조리원","2018-02-28 17:08:51","I","2018-08-31 23:59:59.0","","204855.579518894    ","446576.858605648    ","29","29","669","74.4","18.6","57.6","18.3","43.9","88.5","22.8","5","2","1","1","2","2","3","3",""
"3220000","PHMB120183220033042100002","20180817","","01","영업/정상","13","영업중","","","","","02)579-0303","","","서울특별시 강남구 자곡동 635번지 1~3층","서울특별시 강남구 자곡로 110, 고수일레븐 1~3층 (자곡동)","06373","엘 산후조리원","2022-12-05 13:46:26","U","2021-11-02 00:07:00.0","","208396.743385115","441093.949862979","","","","","","","","","","","","","","","","","","",""
"3220000","PHMB120163220033042100002","2016-06-09","","01","영업/정상","13","영업중","","2024-04-15","2024-04-27","","02-555-9550","","","","서울특별시 강남구 언주로107길 35 (역삼동)","06136","궁산후조리원 강남본원지점","2024-04-26 20:13:37","U","2023-12-03 22:08:00.0","","203146.419320892","444976.079528745","","","","","","","","","","","","","","","","","","",""
"3220000","PHMB120143220033042100001","20140225","","01","영업/정상","13","영업중","","20171129","20171220","","02-508-0013","","","서울특별시 강남구 삼성동 151번지 1호 SISOMO TOWER","서울특별시 강남구 삼성로 548, SISOMO TOWER 2~4층 (삼성동)","06166","트리니티산후조리원(삼성점)","2019-11-07 16:05:28","U","2019-11-09 02:40:00.0","","204796.528984474    ","445378.716249213    ","19","24","355.5","50.2","6.6","","","23","26.5","10.2","4","12","","1","2","3","11","7","4"
"3220000","PHMB120143220033042100002","20140401","","01","영업/정상","13","영업중","","","","","02-3453-4628","","","서울특별시 강남구 역삼동 785번지 12호 3~5층","서울특별시 강남구 언주로 303, 3~5층 (역삼동)","06230","(주)그녀의 정원 드라마","2019-11-12 17:58:36","U","2019-11-14 02:40:00.0","","204004.328388149    ","443597.980050957    ","22","22","302.09","26.22","12","56.2","0","","9.7","10.41","18","0","1","5","3","6","10","8","2"
"3220000","PHMB120163220033042100001","20160315","","01","영업/정상","13","영업중","","","","","02-3453-4628","","","","서울특별시 강남구 언주로 303 (역삼동)","06230","주식회사 드라마글로벌 산후조리원","2016-03-15 17:10:02","I","2018-08-31 23:59:59.0","","204004.328388149    ","443597.980050957    ","7","7","221.07","17.15","9.32","0","0","6.29","21.81","43.29","3","0","0","0","3","0","8","6","2"
"3220000","PHMB120163220033042100003","2016-09-01","","01","영업/정상","13","영업중","","","","","02-512-0500","","","서울특별시 강남구 신사동 638번지 1호 윤호병원 5~6층","서울특별시 강남구 압구정로 304, 윤호병원 5~6층 (신사동)","06017","윤호 산후조리원","2024-07-22 10:09:32","U","2023-12-06 22:04:00.0","","202969.639103322","447402.299460543","","","","","","","","","","","","","","","","","","",""
"3220000","PHMB120163220033042100004","2016-11-17","","01","영업/정상","13","영업중","","","","","02-3471-2233","","","서울특별시 강남구 청담동 70-4","서울특별시 강남구 학동로97길 21-3, 청담마리더블레스 (청담동)","06072","청담마리더블레스 산후조리원","2024-05-03 16:32:02","U","2023-12-05 00:05:00.0","","204785.437108246","446530.444402431","","","","","","","","","","","","","","","","","","",""
"3220000","PHMB120093220033042100002","2009-03-23","","01","영업/정상","13","영업중","","2020-05-31","2020-07-20","","518-9782","","","서울특별시 강남구 삼성동 63번지 12호 B1,1,2층","서울특별시 강남구 삼성로120길 30, B1,1,2층 (삼성동)","06085","Saint park 산후조리원","2024-08-11 16:14:08","U","2023-12-07 23:03:00.0","","204670.698917723","446164.920842784","","","","","","","","","","","","","","","","","","",""
"3220000","PHMB120143220033042100003","2014-06-18","","01","영업/정상","13","영업중","","","","","02-577-8677","","","서울특별시 강남구 도곡동 941번지 8호 1~7층","서울특별시 강남구 도곡로6길 13, 1~7층 (도곡동)","06259","주식회사 맘스밀리 산후조리원 강남점","2025-01-15 13:21:41","U","2024-11-30 23:07:00.0","","202983.070885408","443022.20537814","","","","","","","","","","","","","","","","","","",""
"3220000","PHMB120123220033042100001","20120308","","01","영업/정상","13","영업중","","","","","547-5047","","","서울특별시 강남구 삼성동 101번지 1호","서울특별시 강남구 봉은사로111길 111-13 (삼성동, 마당빌딩)","06083","더 궁 산후조리원","2019-04-10 15:00:38","U","2019-04-12 02:40:00.0","","205685.206218981    ","445991.722889067    ","17","17","360.5","29","6","29.4","10.6","4.5","4.5","8.2","8","4","","1","1","","7","5","2"
"3220000","PHMB120123220033042100002","20120316","","01","영업/정상","13","영업중","","","","","3446-3434","","","서울특별시 강남구 논현동 90번지 1호","서울특별시 강남구 언주로 707, MH빌딩 12,13층 (논현동)","06053","M&H 산후조리원","2021-02-23 11:11:13","U","2021-02-25 02:40:00.0","","203026.272623345    ","446000.947269911    ","16","16","330.31","35.64","","","15","","","","11","15","","4","3","","17","15","2"
"3230000","PHMB120133230034042100001","20130128","","02","휴업","02","휴업","","20210521","20211014","","02-420-5560","","138849","서울특별시 송파구 송파1동 31번지 2호 현대레이크빌 2층","서울특별시 석촌호수로 284 (현대레이크빌 2층)","05623","뉴더퀸산후조리원","2021-05-21 14:53:26","U","2021-05-23 02:40:00.0","","209389.696217302    ","445393.711556926    ","19","19","373.58","40.32","9.46","29.77","6.43","","14.59","8.69","4","10","","2","","","0","2",""
"3230000","PHMB120073230034042100001","20070208","","03","폐업","03","폐업","20100901","","","","","","138800","서울특별시 송파구 가락본동 2번지 5호 3층","서울특별시 송파구 오금로 296 (가락동, 3층)","138800","참사랑산후조리원","2012-03-13 15:15:17","I","2018-08-31 23:59:59.0","","211005.302324733    ","444601.789927777    ","15","15","","18.5","","","","","","","4","3","","","","2","6","1",""
"3230000","PHMB120093230034042100002","20091229","","03","폐업","03","폐업","20151222","20150731","20151231","","02-421-5590","","138830","서울특별시 송파구 방이2동 180번지 18호 한우리빌딩 3층,4층,5층","서울특별시 송파구 백제고분로50길 7-7 (방이동, 한우리빌딩 3,4,5층)","138830","더퀸산후조리원","2015-12-22 16:18:25","I","2018-08-31 23:59:59.0","","210151.390873614    ","445852.199143259    ","12","12","188.78","21.27","13.68","24.07","2.78","32.88","32.88","27.86","3","7","","2","1","","6","5","1"
"3230000","PHMB120103230034042100002","20100906","","03","폐업","03","폐업","20200624","","","","02-415-7752","","138171","서울특별시 송파구 송파1동 58번지 17호","서울특별시 송파구 석촌호수로 296 (송파동)","05618","라벨락산후조리원","2020-06-22 11:03:29","U","2020-06-24 02:40:00.0","","209445.582339381    ","445460.547369269    ","16","16","225.7","29.97","21.26","33.66","7.85","2.54","69.78","3.8","3","3","","1","1","1","0","",""
"3230000","PHMB120063230034042100001","20061208","","03","폐업","03","폐업","20090304","","","","","","138190","서울특별시 송파구 석촌동 277번지 1호","서울특별시 송파구 가락로 99 (석촌동)","","사임당산후조리원 송파점","2009-03-26 09:28:36","I","2018-08-31 23:59:59.0","","209393.141585965    ","444350.722020836    ","1","1","","","","","","","","","","","","","","","","",""
"3230000","PHMB120063230034042100002","20060908","","03","폐업","03","폐업","20161005","","","","","","138804","서울특별시 송파구 가락본동 94번지 6호 2층-6층","서울특별시 송파구 양재대로60길 3 (가락동, 2~6층)","05708","문산후조리원","2016-10-17 11:11:38","I","2018-08-31 23:59:59.0","","210251.590527245    ","444061.408532921    ","15","15","193.8","27.3","","","","","","","7","11","","","","4","7","5",""
"3230000","PHMB120063230034042100003","20061215","","03","폐업","03","폐업","20120927","","","","","","138854","서울특별시 송파구 송파2동 185번지 4호 6,7층","서울특별시 송파구 송파대로34길 33 (송파동, 6,7층)","138854","마이홈산후조리원","2012-09-28 09:57:53","I","2018-08-31 23:59:59.0","","210155.048967852    ","444118.866229905    ","17","17","","28","","","","","","","3","9","","","","3","10","2",""
"3230000","PHMB120063230034042100004","20061220","","03","폐업","03","폐업","20100212","","","","","","138810","서울특별시 송파구 가락2동 167번지 3호 6층","서울특별시 송파구 오금로 410 (가락동, 6층)","138810","푸른잎산후조리원","2012-03-13 15:16:17","I","2018-08-31 23:59:59.0","","211907.685267696    ","443924.875483069    ","13","13","","35.3","","","","","","","3","4","","","","3","9","1",""
"3230000","PHMB120173230034042100001","20170131","","01","영업/정상","13","영업중","","","","","02-6425-1600","","","","서울특별시 송파구 양재대로60길 3 (가락동)","05708","포유문산후조리원","2017-02-02 08:53:55","I","2018-08-31 23:59:59.0","","210251.590527245    ","444061.408532921    ","23","23","340.08","39.3","14.57","54.95","17.2","","4.9","6.7","2","5","","1","2","","6","6",""
"3230000","PHMB120093230034042100001","2009-07-02","","01","영업/정상","13","영업중","","","","","414-3322","","138-840","서울특별시 송파구 삼전동 111번지 선프라지빌딩6.7층","서울특별시 송파구 석촌호수로 156 (삼전동, 선플라자빌딩 6,7층)","05601","라렌느산후조리원","2024-07-15 09:13:43","U","2023-12-06 23:07:00.0","","208265.829073588","444957.463368081","","","","","","","","","","","","","","","","","","",""
"3230000","PHMB120073230034042100002","20070208","","01","영업/정상","13","영업중","","","","","02-3401-3838","","138110","서울특별시 송파구 거여동 293번지 1호 6층","서울특별시 송파구 양산로 12 (거여동, 6층)","05787","(주)푸른잎산후조리원","2019-04-30 15:05:29","U","2019-05-02 02:40:00.0","","212631.968657493    ","443089.54324724     ","16","16","","38.4","","","","","","","3","7","","","","3","1","1",""
"3230000","PHMB120103230034042100001","20100323","","01","영업/정상","13","영업중","","","","","4843710","","138190","서울특별시 송파구 석촌동 182번지 2호 4,5층","서울특별시 송파구 송파대로49길 3 (석촌동, 4,5층)","05609","라벨메르산후조리원","2018-08-31 09:50:19","I","2018-08-31 23:59:59.0","","209121.451763903    ","445062.865258396    ","15","15","378.57","52.31","9.82","","","","","","4","6","","","","","0","",""
"3230000","PHMB120113230034042100001","20110513","","01","영업/정상","13","영업중","","","","","02-3401-1004","","138855","서울특별시 송파구 오금동 4번지 14호","서울특별시 송파구 중대로 317, 세우빌딩 3,4층 (오금동)","05654","소피아산후조리원","2021-07-14 10:54:22","U","2021-07-16 02:40:00.0","","211725.257519354    ","445195.482107596    ","20","20","320","54","20","57","10","33","66","10","4","2","0","2","1","2","0","0","0"
"3240000","PHMB120073240033042100002","2007-08-30","","03","폐업","03","폐업","2015-11-05","","","","02) 477-7707","","134-846","서울특별시 강동구 성내3동 440번지 4호 만선재빌딩 3,4층","서울특별시 강동구 양재대로85길 17 (성내동)","134-846","사랑의소리산후조리원","2023-10-16 09:48:03","U","2022-10-30 23:08:00.0","","211740.679000368","446914.416126274","","","","","","","","","","","","","","","","","","",""
"3230000","PHMB120163230034042100001","2016-04-05","","01","영업/정상","13","영업중","","2024-11-18","2024-11-22","","02-413-0035","","","서울특별시 송파구 석촌동 24번지 3호 201호","서울특별시 송파구 석촌호수로 210, 201호 (석촌동)","05611","베르사유산후조리원","2024-11-21 15:58:41","U","2023-10-31 22:03:00.0","","208805.042539137","444931.840306527","","","","","","","","","","","","","","","","","","",""
"3240000","PHMB120083240033042100001","20080620","","03","폐업","03","폐업","20190612","20130910","20131027","","02) 478-3989","","134814","서울특별시 강동구 길동 412번지 8호 마루빌딩 4층","서울특별시 강동구 양재대로 1465 (길동)","05353","(주)이자르씨앤에스강동점","2019-06-12 11:47:21","U","2019-06-14 02:40:00.0","","212241.599163626    ","448298.45939367     ","12","12","288.4","27","11.9","16.4","14.15","","2.7","9.7","3","5","","1","1","3","14","10","4"
"3240000","PHMB120103240033042100001","20100416","","03","폐업","03","폐업","20150519","","","","3427-0123","","134052","서울특별시 강동구 암사2동 506번지 8호 라테라 산후조리원","서울특별시 강동구 올림픽로 833 (암사동)","134877","라테라산후조리원","2015-05-19 15:56:19","I","2018-08-31 23:59:59.0","","211338.114281843    ","450358.802980111    ","27","27","615.15","11.42","43.44","28.2","12","387.3","65.87","24.82","4","5","0","3","3","2","9","6","3"
"3240000","PHMB120113240033042100002","20110421","","03","폐업","03","폐업","20170102","","","","02) 482-8899","","134851","서울특별시 강동구 성내1동 322번지 8호 2-3층","서울특별시 강동구 올림픽로 564 (성내동)","05391","리안산후조리원","2017-01-02 16:37:50","I","2018-08-31 23:59:59.0","","210661.875484958    ","447756.559360639    ","16","16","251.43","29.7","8","43.8","7.2","","45.2","7","3","3","","1","1","","7","6","1"
"3240000","PHMB120063240033042100004","20061206","","03","폐업","03","폐업","20181210","20180601","20191231","","02-484-4868","","","서울특별시 강동구 둔촌동 489번지 9호","서울특별시 강동구 양재대로 1392 (둔촌동, 둔촌빌딩)","05372","스카디아 산후조리원","2018-12-11 09:07:31","U","2018-12-13 02:40:00.0","","212103.610058511    ","447564.027288567    ","16","16","194.7","33.16","","27.82","11.2","","90","11.1","3","8","","1","1","1","8","7","1"
"3240000","PHMB120113240033042100001","20181101","","01","영업/정상","13","영업중","","","","","02-486-3300","","","","서울특별시 강동구 강동대로 143-64, 태창타워 (성내동)","05398","트리니티산후조리원 강동송파점","2020-12-07 17:56:05","U","2020-12-09 02:40:00.0","","210544.019661136    ","447320.372901241    ","15","14","364.86","24.7","18","23.94","5.76","57.6","57.6","8.93","3","2","1","1","","2","11","9","2"
"3230000","PHMB120113230034042100002","20141031","","03","폐업","03","폐업","20220531","","","","02-412-8855","","","서울특별시 송파구 송파동 48번지 13호 연세빌딩 4층","서울특별시 송파구 오금로 152 (송파동, 연세빌딩)","05620","맘스맘산후조리원","2022-06-09 11:42:34","U","2021-12-05 23:01:00.0","","209776.636655598","445347.787614549","","","","","","","","","","","","","","","","","","",""
"3230000","PHMB120123230034042100001","20120919","","01","영업/정상","13","영업중","","","","","1661-3118","","","","서울특별시 송파구 마천로 4(방이동)","05645","레이나 산후조리원","2022-11-01 14:11:26","U","2021-11-01 00:03:00.0","","210671.706889754","445341.424867275","","","","","","","","","","","","","","","","","","",""
"3230000","PHMB120163230034042100002","20161005","","01","영업/정상","13","영업중","","","","","02-418-3727","","","","서울특별시 송파구 백제고분로50길 7-7 (방이동, 한우리빌딩(3, 4, 5층))","05627","보네르아샤 산후조리원","2023-01-12 10:34:21","U","2022-11-30 23:04:00.0","","","","","","","","","","","","","","","","","","","","","",""
"3240000","PHMB120123240033042100001","20120518","","01","영업/정상","13","영업중","","","","","02) 3428-3535","","","서울특별시 강동구 강일동 679번지 2호 MIDC빌딩","서울특별시 강동구 아리수로 421, MIDC빌딩 7,8층 (강일동)","05211","몽쉘베베산후조리원","2019-05-24 11:12:06","U","2019-05-26 02:40:00.0","","215379.10005800000  ","451691.50520300000  ","19","19","415","58","8.23","45.2","15","","18","9.24","3","8","","1","1","1","14","10","4"
"3240000","PHMB120133240033042100002","20130723","","01","영업/정상","13","영업중","","","","","02-429-6777","","","서울특별시 강동구 명일동 306번지 7호 대은상가","서울특별시 강동구 양재대로 1657-11, 대은상가 5층 (명일동)","05257","마벨 산후조리원","2022-01-24 13:51:08","U","2022-01-26 02:40:00.0","","212603.194992637    ","450135.008703137    ","21","21","441.3","46.54","7.18","36.5","24.3","24.78","71.4","15.3","3","9","0","1","0","0","7","5","2"
"3240000","PHMB120133240033042100003","20131227","","01","영업/정상","13","영업중","","","","","1661-0997","","","서울특별시 강동구 천호동 453-10 강동미즈산후조리원","서울특별시 강동구 천호대로159길 13, 퍼스트스마일산후조리원 1층 (천호동)","05335","퍼스트스마일산후조리원","2022-01-05 11:40:31","U","2022-01-07 02:40:00.0","","211206.540974151    ","448438.130467194    ","44","44","773.96","104.32","39.92","192.13","53.94","0","203.85","19.19","5","10","1","6","6","0","8","6","2"
"3240000","PHMB120173240033042100001","20170828","","01","영업/정상","13","영업중","","","","","02-6483-0088","","","서울특별시 강동구 길동 366번지 2호 호석빌딩 4~5층 헤라산후조리원","서울특별시 강동구 양재대로 1498 (길동, 호석빌딩)","05343","헤라산후조리원","2019-09-02 10:34:45","U","2019-09-04 02:40:00.0","","212383.514068572    ","448570.272031761    ","16","16","331.95","40.61","10.27","","5.58","17.6","42","10.2","4","6","","","","3","7","6","1"
"3240000","PHMB120073240033042100001","2007-05-23","","01","영업/정상","13","영업중","","","","","02) 472-6565","","","서울특별시 강동구 길동 416-6 우주빌딩","서울특별시 강동구 성안로 156, 우주빌딩 4층 (길동)","05354","예그리나 산후조리원","2023-09-26 17:03:16","U","2022-12-08 22:09:00.0","","211901.245613315","448311.195671788","","","","","","","","","","","","","","","","","","",""
"3240000","PHMB120183240033042100001","20181231","","01","영업/정상","13","영업중","","","","","02-341-4567","","","서울특별시 강동구 강일동 730번지 1호","서울특별시 강동구 상일로12길 97, 강동드림산부인과 3층 (강일동)","05285","강동드림 산후조리원","2021-04-14 11:36:09","U","2021-04-16 02:40:00.0","","215186.099366286    ","450520.462500138    ","15","15","200.17","35.61","8.01","35.31","2.25","","66.3","7.02","3","3","","","2","1","7","5","2"
"3070000","PHMB120113070034042100001","20110307","","03","폐업","03","폐업","20220530","20180716","20180731","","02-2039-0000","","136820","서울특별시 성북구 석관동 349번지 1호","서울특별시 성북구 화랑로 248, 장위뉴타워 8층 (석관동)","02787","동그라미산후조리원 성북점","2022-05-30 14:31:37","U","2021-12-06 00:01:00.0","","204958.405518224","456443.387226032","","","","","","","","","","","","","","","","","","",""
"3240000","PHMB120063240033042100001","2006-12-08","","01","영업/정상","13","영업중","","","","","02) 485-0087","","","서울특별시 강동구 성내동 378 웰빙메디컬빌딩","서울특별시 강동구 천호대로 1128, 웰빙메디컬빌딩 6~7층 (성내동)","05373","가율 산후조리원","2023-05-12 10:04:17","U","2022-12-04 23:04:00.0","","211997.374303563","447998.814231451","","","","","","","","","","","","","","","","","","",""
"3240000","PHMB120063240033042100002","2006-10-17","","01","영업/정상","13","영업중","","","","","02) 485-2151","","","서울특별시 강동구 천호동 447 정산타워빌딩","서울특별시 강동구 천호대로 1099, 정산타워빌딩 6층 (천호동)","05339","아쉐르 산후조리원","2024-08-26 11:52:50","U","2023-12-07 22:08:00.0","","211785.062144309","448178.173808736","","","","","","","","","","","","","","","","","","",""
"3210000","PHMB120223210034042100001","20220701","","01","영업/정상","13","영업중","","","","","02-592-0020","","","서울특별시 서초구 방배동 783-24 왕실빌딩","서울특별시 서초구 동작대로 172, 왕실빌딩 3층 50호 (방배동)","06559","sk산후조리원","2022-07-20 14:46:32","I","2021-12-06 22:02:00.0","","198448.680593311","443312.729013243","","","","","","","","","","","","","","","","","","",""
"3180000","PHMB120083180034042100001","20080229","","01","영업/정상","13","영업중","","20190101","20190228","","02-848-3579","","","","서울특별시 영등포구 도신로 116, 대웅빌딩 (신길동)","07383","메르디앙 산후조리원","2022-09-08 10:33:17","U","2021-12-08 23:00:00.0","","191534.963962894","445094.61287255","","","","","","","","","","","","","","","","","","",""
"3240000","PHMB120163240033042100001","20160104","","01","영업/정상","13","영업중","","","","","","","05239","","서울특별시 강동구 올림픽로 833, 매일우리아이센타 (암사동)","05239","(주)라파엘산후조리원","2022-10-12 10:54:11","U","2021-10-30 23:04:00.0","","211338.114281843","450358.802980111","","","","","","","","","","","","","","","","","","",""
"3140000","PHMB120113140033042100001","20110117","","01","영업/정상","13","영업중","","","","","02-2601-3588","","","서울특별시 양천구 신월동 550번지 3호 승일뷰티타워2","서울특별시 양천구 신월로 164, 승일뷰티타워2 7층 (신월동)","08064","팰리스산후조리원","2022-10-05 17:18:19","U","2021-10-31 00:07:00.0","","185962.809546697","446176.170952681","","","","","","","","","","","","","","","","","","",""
"3150000","PHMB120153150037042100001","2015-06-16","","01","영업/정상","13","영업중","","2017-02-07","2017-02-15","","02-2664-6999","","","","서울특별시 강서구 마곡중앙5로 81, 에스비타운 (마곡동)","07599","리베 산후조리원(마곡점)","2023-07-19 14:21:48","U","2022-12-06 22:01:00.0","","183902.043509212","451664.251457054","","","","","","","","","","","","","","","","","","",""
"3110000","PHMB120063110032042100001","2006-12-07","","01","영업/정상","13","영업중","","2022-04-08","2022-07-08","","02-309-7535","","122-924","서울특별시 은평구 응암동 603번지 24호 연송빌딩 4,5층","서울특별시 은평구 응암로 164 (응암동,연송빌딩 4,5층)","","인정산후조리원","2024-01-30 15:30:11","U","2023-12-02 00:01:00.0","","192562.859526529","453813.903417407","","","","","","","","","","","","","","","","","","",""
"3220000","PHMB120063220033042100003","2006-12-07","","01","영업/정상","13","영업중","","","","","02-3412-0101","","","서울특별시 강남구 개포동 1239번지 17호 문화빌딩 5,6층","서울특별시 강남구 논현로 98, 문화빌딩 5,6층 (개포동)","06303","한아름산후조리원","2024-07-22 10:09:55","U","2023-12-06 22:04:00.0","","203889.69431252","441832.716970491","","","","","","","","","","","","","","","","","","",""